USI_ID;NOME;SUBSISTEMA ;ESTADO;FONTE;CEG ANEEL;LAT;LONG
MAEDT1;EOL DELTA 3 01;NORTE;MA;Eólica;EOL.CV.MA.033682-3.01;-2.67;-42.62
MAEDT7;EOL DELTA 3 07;NORTE;MA;Eólica;EOL.CV.MA.033680-7.01;-2.62;-42.66
MAEDT3;EOL DELTA 3 03;NORTE;MA;Eólica;EOL.CV.MA.033684-0.01;-2.65;-42.63
MAEDT4;EOL DELTA 3 04;NORTE;MA;Eólica;EOL.CV.MA.033685-8.01;-2.66;-42.61
MAEDT5;EOL DELTA 3 05;NORTE;MA;Eólica;EOL.CV.MA.033675-0.01;-2.63;-42.64
MAEDT6;EOL DELTA 3 06;NORTE;MA;Eólica;EOL.CV.MA.033673-4.01;-2.63;-42.65
MAEDT2;EOL DELTA 3 02;NORTE;MA;Eólica;EOL.CV.MA.033683-1.01;-2.62;-42.66
MAEDT8;DELTA 3 VIII;NORTE;MA;Eólica;EOL.CV.MA.033686-6.01;-2.67;-42.64
MAEDS2;DELTA 6 II;NORTE;MA;Eólica;EOL.CV.MA.037967-0.01;-2.66;-42.61
MAEDS1;DELTA 6 I;NORTE;MA;Eólica;EOL.CV.MA.037970-0.01;-2.69;-42.57
MAEDS3;DELTA 5 II;NORTE;MA;Eólica;EOL.CV.MA.037972-7.01;-2.67;-42.60
MAEDT9;DELTA 5 I I5;NORTE;MA;Eólica;EOL.CV.MA.037976-0.01;-2.70;-42.55
MAED7I;Eólica Delta 7 I;NORTE;MA;Eólica;EOL.CV.MA.040572-8.01;-2.68;-42.60
MAED72;DELTA 7 II;NORTE;MA;Eólica;EOL.CV.MA.040573-6.01;-2.69;-42.58
MAED8I;DELTA 8 I;NORTE;MA;Eólica;EOL.CV.MA.040574-4.01;-2.70;-42.57
RNUERF;RIO DO FOGO;NORDESTE;RN;Eólica;EOL.CV.RN.028424-6.01;-5.30;-35.38
D29041;MILLENNIUM;NORDESTE;PB;Eólica;EOL.CV.PB.029041-6.01;-6.49;-34.97
CEBBR;BEBERIBE;NORDESTE;CE;Eólica;EOL.CV.CE.028174-3.01;-4.19;-38.08
CETAIB;TAIBA ALBATROZ;NORDESTE;CE;Eólica;EOL.CV.CE.028858-6.01;-3.51;-38.91
CEPRU;PARACURU;NORDESTE;CE;Eólica;EOL.CV.CE.028706-7.01;-3.43;-38.96
CEEOLI;CANOAQUBR(E-RV-ACEP);NORDESTE;CE;Eólica;EOL.CV.CE.028649-4.01;-4.53;-37.69
D28731;PEDRA DO SAL;NORDESTE;PI;Eólica;EOL.CV.PI.028731-8.01;-2.83;-41.71
D29085;ALBATROZ;NORDESTE;PB;Eólica;EOL.CV.PB.029085-8.01;-6.55;-34.97
D29088;ATLANTICA;NORDESTE;PB;Eólica;EOL.CV.PB.029088-2.01;-6.55;-34.97
D29084;CAMURIM;NORDESTE;PB;Eólica;EOL.CV.PB.029084-0.01;-6.56;-34.97
D29089;CARAVELA;NORDESTE;PB;Eólica;EOL.CV.PB.029089-0.01;-6.56;-34.97
D29086;COELHOS I;NORDESTE;PB;Eólica;EOL.CV.PB.029086-6.01;-6.58;-34.97
D29090;COELHOS II;NORDESTE;PB;Eólica;EOL.CV.PB.029090-4.01;-6.57;-34.97
D29087;COELHOS III;NORDESTE;PB;Eólica;EOL.CV.PB.029087-4.01;-6.57;-34.97
D29091;COELHOS IV;NORDESTE;PB;Eólica;EOL.CV.PB.029091-2.01;-6.58;-34.97
D29092;MATARACA;NORDESTE;PB;Eólica;EOL.CV.PB.029092-0.01;-6.58;-34.98
D29083;PRESIDENTE;NORDESTE;PB;Eólica;EOL.CV.PB.029083-1.01;-6.57;-34.98
CELGMO;LAGOA DO MATO;NORDESTE;CE;Eólica;EOL.CV.CE.028652-4.01;-13.83;-42.64
CEFRC;FOZ DO RIO CHORO;NORDESTE;CE;Eólica;EOL.CV.CE.028630-3.01;-4.13;-38.15
CEUPRJ;PRAIAS DE PARAJURU;NORDESTE;CE;Eólica;EOL.CV.CE.028724-5.01;-4.36;-37.88
CEUFM;PRAIA FORMOSA;NORDESTE;CE;Eólica;EOL.CV.CE.028631-1.01;-2.91;-41.04
CEUCZ;ICARAIZINHO;NORDESTE;CE;Eólica;EOL.CV.CE.028699-0.01;-3.02;-39.67
CEUECQ;CANOAQUBR(E-BV-ACEP);NORDESTE;CE;Eólica;EOL.CV.CE.028788-1.01;-4.47;-37.76
CEUEBV;BONS VENTOS;NORDESTE;CE;Eólica;EOL.CV.CE.028887-0.01;-4.45;-37.76
CEUEEN;ENACEL;NORDESTE;CE;Eólica;EOL.CV.CE.028770-9.01;-4.51;-37.76
D29011;XAVANTE POMBOS;NORDESTE;PE;Eólica;EOL.CV.PE.029011-4.01;-8.17;-35.39
D29020;GRAVATA;NORDESTE;PE;Eólica;EOL.CV.PE.029020-3.01;-8.27;-35.60
D29015;MANDACARU;NORDESTE;PE;Eólica;EOL.CV.PE.029015-7.01;-8.28;-35.60
PESNTM;SANTA MARIA;NORDESTE;PE;Eólica;EOL.CV.PE.029019-0.01;-8.29;-35.59
D28481;PIRAUA MACAPARANA;NORDESTE;PE;Eólica;EOL.CV.PE.028481-5.01;-7.50;-35.50
CEUEPM;PRAIA DO MORGADO;NORDESTE;CE;Eólica;EOL.CV.CE.028440-8.01;-2.82;-40.23
CEUEVR;VOLTA DO RIO;NORDESTE;CE;Eólica;EOL.CV.CE.028441-6.01;-2.85;-39.97
D29075;VITORIA;NORDESTE;PB;Eólica;EOL.CV.PB.029075-0.01;-6.56;-35.01
RNUAU;ALEGRIA I;NORDESTE;RN;Eólica;EOL.CV.RN.028444-0.01;-5.09;-36.36
RNUEM3;MANGUE SECO 3;NORDESTE;RN;Eólica;EOL.CV.RN.030281-3.01;-5.19;-36.36
RNUEM2;MANGUE SECO 2;NORDESTE;RN;Eólica;EOL.CV.RN.030284-8.01;-5.17;-36.32
RNUEM1;MANGUE SECO 1;NORDESTE;RN;Eólica;EOL.CV.RN.030285-6.01;-5.17;-36.30
RNUEM5;MANGUE SECO 5;NORDESTE;RN;Eólica;EOL.CV.RN.030290-2.01;-5.17;-36.41
D30370;MIASSABA 2;NORDESTE;RN;Eólica;EOL.CV.RN.030370-4.01;-5.08;-36.41
D30121;ARATUA 1;NORDESTE;RN;Eólica;EOL.CV.RN.030121-3.01;-5.09;-36.34
D30333;CABECO PRETO;NORDESTE;RN;Eólica;EOL.CV.RN.030333-0.01;-5.42;-35.95
D30501;CABECO PRETO IV;NORDESTE;RN;Eólica;EOL.CV.RN.030501-4.01;-5.45;-35.96
BAUEMC;MACAUBAS;NORDESTE;BA;Eólica;EOL.CV.BA.030283-0.01;-12.35;-42.34
BAUESR;SEABRA;NORDESTE;BA;Eólica;EOL.CV.BA.030306-2.01;-12.27;-42.37
BAUENH;N.HORIZONTE - EOL NH;NORDESTE;BA;Eólica;EOL.CV.BA.030305-4.01;-12.31;-42.35
CEUEFU;FAISA I;NORDESTE;CE;Eólica;EOL.CV.CE.030352-6.01;-3.32;-39.27
CEUEFD;FAISA II;NORDESTE;CE;Eólica;EOL.CV.CE.030331-3.01;-3.32;-39.24
CEUEFT;FAISA III;NORDESTE;CE;Eólica;EOL.CV.CE.030332-1.01;-3.35;-39.27
CEUEFQ;FAISA IV;NORDESTE;CE;Eólica;EOL.CV.CE.030329-1.01;-3.32;-39.27
CEUEFC;FAISA V;NORDESTE;CE;Eólica;EOL.CV.CE.030309-7.01;-3.37;-39.26
BAUEPS;PORTO SEGURO;NORDESTE;BA;Eólica;EOL.CV.BA.030323-2.01;-13.86;-42.67
BAUENC;N SRA CONCEIC;NORDESTE;BA;Eólica;EOL.CV.BA.030318-6.01;-13.90;-42.68
BAUEIH;ILHEUS (ILHEUS);NORDESTE;BA;Eólica;EOL.CV.BA.030315-1.01;-13.88;-42.66
BAUEIP;IGAPORA;NORDESTE;BA;Eólica;EOL.CV.BA.030321-6.01;-13.86;-42.66
BAUEPT;PLANALTINA;NORDESTE;BA;Eólica;EOL.CV.BA.030322-4.01;-13.99;-42.64
BAUEPV;PAJEU DO VENTO;NORDESTE;BA;Eólica;EOL.CV.BA.030319-4.01;-14.01;-42.63
BAUELA;LICINIO DE ALMEIDA;NORDESTE;BA;Eólica;EOL.CV.BA.030317-8.01;-14.18;-42.65
BAUEGB;GUANAMBI;NORDESTE;BA;Eólica;EOL.CV.BA.030328-3.01;-14.20;-42.62
BAUECB;CANDIBA;NORDESTE;BA;Eólica;EOL.CV.BA.030316-0.01;-14.19;-42.65
BAUESS;SERRA DO SALTO;NORDESTE;BA;Eólica;EOL.CV.BA.030314-3.01;-14.16;-42.64
BAUERV;RIO VERDE;NORDESTE;BA;Eólica;EOL.CV.BA.030341-0.01;-14.16;-42.60
BAUEAV;ALVORADA;NORDESTE;BA;Eólica;EOL.CV.BA.030320-8.01;-14.19;-42.59
BAUEGP;GUIRAPA;NORDESTE;BA;Eólica;EOL.CV.BA.030342-9.01;-14.22;-42.64
BAUEPD;PINDAI;NORDESTE;BA;Eólica;EOL.CV.BA.030324-0.01;-14.20;-42.66
D30296;B. DOS COQUEIROS;NORDESTE;SE;Eólica;EOL.CV.SE.030296-1.01;-10.81;-36.93
CEDUNA;DUNAS DE PARACURU;NORDESTE;CE;Eólica;EOL.CV.CE.030299-6.01;-3.43;-38.98
RNUERU;REI VENTOS 1 2LER;NORDESTE;RN;Eólica;EOL.CV.RN.030416-6.01;-5.10;-36.20
RNUERT;REI VENTOS 3 2LER;NORDESTE;RN;Eólica;EOL.CV.RN.030417-4.01;-5.12;-36.16
RNUES3;MIASSABA 3;NORDESTE;RN;Eólica;EOL.CV.RN.030339-9.01;-5.13;-36.45
BAPEDO;PEDRA DO REINO;NORDESTE;BA;Eólica;EOL.CV.BA.030288-0.01;-9.51;-40.88
RNCEM1;MORRO DOS VENTOS I;NORDESTE;RN;Eólica;EOL.CV.RN.030301-1.01;-5.36;-35.82
RNCEM3;MORRO DOS VENTOS III;NORDESTE;RN;Eólica;EOL.CV.RN.030310-0.01;-5.37;-35.87
RNCEM4;MORRO DOS VENTOS IV;NORDESTE;RN;Eólica;EOL.CV.RN.030311-9.01;-5.38;-35.88
RNCEM6;MORRO DOS VENTOS VI;NORDESTE;RN;Eólica;EOL.CV.RN.030300-3.01;-5.34;-35.88
RNCEM9;MORRO DOS VENTOS IX;NORDESTE;RN;Eólica;EOL.CV.RN.030302-0.01;-5.31;-35.91
RNUER6;EURUS VI;NORDESTE;RN;Eólica;EOL.CV.RN.030351-8.01;-5.23;-35.93
RNUEC1;STA CLARA I (SCLARA);NORDESTE;RN;Eólica;EOL.CV.RN.030292-9.01;-5.24;-35.90
RNUEC2;STA CLARA II;NORDESTE;RN;Eólica;EOL.CV.RN.030308-9.01;-5.27;-35.91
RNUEC3;STA CLARA III;NORDESTE;RN;Eólica;EOL.CV.RN.030293-7.01;-5.27;-35.90
RNUEC4;STA CLARA IV;NORDESTE;RN;Eólica;EOL.CV.RN.030307-0.01;-5.24;-35.91
RNUEC5;STA CLARA V;NORDESTE;RN;Eólica;EOL.CV.RN.030378-0.01;-5.26;-35.92
RNUEC6;STA CLARA VI;NORDESTE;RN;Eólica;EOL.CV.RN.030304-6.01;-5.24;-35.93
CEQUIX;QUIXABA;NORDESTE;CE;Eólica;EOL.CV.CE.030369-0.01;-4.56;-37.68
CEUECJ;NOVA CAJUCOCO;NORDESTE;CE;Eólica;EOL.CV.CE.030294-5.01;-2.92;-39.95
CEUECO;COQUEIROS;NORDESTE;CE;Eólica;EOL.CV.CE.030282-1.01;-2.89;-39.97
RNUEAB;AREIA BRANCA (EBV);NORDESTE;RN;Eólica;EOL.CV.RN.030340-2.01;-4.97;-36.90
RNUEMT;MAR E TERRA;NORDESTE;RN;Eólica;EOL.CV.RN.030389-5.01;-4.96;-36.91
CEUEEM;EMBUACA;NORDESTE;CE;Eólica;EOL.CV.CE.030336-4.01;-3.21;-39.33
CEICAR;ICARAI;NORDESTE;CE;Eólica;EOL.CV.CE.030289-9.01;-3.02;-39.62
RNUAD;ALEGRIA II;NORDESTE;RN;Eólica;EOL.CV.RN.028443-2.01;-5.12;-36.38
BAPDR3;PEDRA REINO III 3LER;NORDESTE;BA;Eólica;EOL.CV.BA.030608-8.01;-9.49;-40.87
BAUET2;CAETITE 2;NORDESTE;BA;Eólica;EOL.CV.BA.030437-9.01;-14.19;-42.50
BAUET3;CAETITE 3;NORDESTE;BA;Eólica;EOL.CV.BA.030448-4.01;-14.22;-42.51
BAUESG;SETE GAMELEIRAS;NORDESTE;BA;Eólica;EOL.CV.BA.030455-7.01;-9.86;-41.10
BAUEPL;SAO PEDRO DO LAGO;NORDESTE;BA;Eólica;EOL.CV.BA.030456-5.01;-9.89;-41.10
BAUEPB;PEDRA BRANCA;NORDESTE;BA;Eólica;EOL.CV.BA.030443-3.01;-9.87;-41.10
D30454;MEL 2;NORDESTE;RN;Eólica;EOL.CV.RN.030454-9.01;-4.95;-36.96
CEUEAG;TAIBA AGUIA;NORDESTE;CE;Eólica;EOL.CV.CE.028857-8.01;-3.55;-38.89
CEUEID;ICARAÍ II;NORDESTE;CE;Eólica;EOL.CV.CE.030356-9.01;-3.07;-39.60
CEUEAD;TAIBA ANDORINHA;NORDESTE;CE;Eólica;EOL.CV.CE.030373-9.01;-3.53;-38.90
CEUECL;COLONIA;NORDESTE;CE;Eólica;EOL.CV.CE.030295-3.01;-3.54;-38.88
CEUEIU;ICARAI I;NORDESTE;CE;Eólica;EOL.CV.CE.030372-0.01;-3.08;-39.59
RNCEM2;MORRO DOS VENTOS 2;NORDESTE;RN;Eólica;EOL.CV.RN.030889-7.01;-5.36;-35.84
RNEBF3;BAIXA DO FEIJAO 3;NORDESTE;RN;Eólica;EOL.CV.RN.030934-6.01;-5.30;-36.04
RNEBF2;BAIXA DO FEIJAO 2;NORDESTE;RN;Eólica;EOL.CV.RN.030933-8.01;-5.37;-36.03
RNEBF1;BAIXA DO FEIJAO 1;NORDESTE;RN;Eólica;EOL.CV.RN.030932-0.01;-5.32;-36.06
RNEBF4;BAIXA DO FEIJAO IV;NORDESTE;RN;Eólica;EOL.CV.RN.030931-1.01;-5.34;-36.04
RNECA1;CAICARA I;NORDESTE;RN;Eólica;EOL.CV.RN.030895-1.02;-5.00;-36.91
RNECAD;CARCARA II;NORDESTE;RN;Eólica;EOL.CV.RN.030897-8.01;-4.95;-37.00
CEEGOB;EOL GOIABEIRA;NORDESTE;CE;Eólica;EOL.CV.CE.030920-6.01;-4.59;-37.71
CEJAI;JANDAIA1;NORDESTE;CE;Eólica;EOL.CV.CE.030907-9.01;-4.41;-37.88
RNEJU1;JUNCO 1;NORDESTE;CE;Eólica;EOL.CV.RN.030902-8.02;-5.03;-36.92
RNEJU2;JUNCO 2;NORDESTE;RN;Eólica;EOL.CV.RN.030914-1.02;-5.03;-36.93
CENSF;NS FATIMA 13LEN;NORDESTE;CE;Eólica;EOL.CV.CE.030930-3.01;-4.43;-37.87
RNECP5;CABECO PRETO 5;NORDESTE;RN;Eólica;EOL.CV.RN.030876-5.01;-5.48;-36.00
RNECP6;CABECO PRETO 6;NORDESTE;RN;Eólica;EOL.CV.RN.030900-1.01;-5.45;-35.95
CEEPTM;EOL PITOMBEIRA;NORDESTE;CE;Eólica;EOL.CV.CE.030926-5.01;-4.60;-37.65
CEESCT;EOL SANTA CATARINA;NORDESTE;CE;Eólica;EOL.CV.CE.030924-9.01;-4.59;-37.68
CESCL;SAO CLEMENTE;NORDESTE;CE;Eólica;EOL.CV.CE.030927-3.01;-4.41;-37.84
CESJN;SAO JANUARIO;NORDESTE;CE;Eólica;EOL.CV.CE.030921-4.01;-4.49;-37.80
RNETER;TERRAL;NORDESTE;RN;Eólica;EOL.CV.RN.030898-6.01;-4.96;-37.04
CEEUBA;EOL UBATUBA;NORDESTE;CE;Eólica;EOL.CV.CE.030918-4.01;-4.66;-37.61
CEEVHZ;EOL VENTOS DE HORIZO;NORDESTE;CE;Eólica;EOL.CV.CE.030925-7.01;-4.62;-37.69
RNEMC1;MACAMBIRA 1;NORDESTE;RN;Eólica;EOL.CV.RN.031025-5.01;-6.05;-36.56
RNEMC2;MACAMBIRA 2;NORDESTE;RN;Eólica;EOL.CV.RN.031026-3.01;-6.08;-36.53
RNECP3;CABECO PRETO 3;NORDESTE;RN;Eólica;EOL.CV.RN.031015-8.01;-5.40;-35.98
RNUEFA;FAROL;NORDESTE;RN;Eólica;EOL.CV.RN.030502-2.01;-5.10;-36.02
BAUEVA;VENTOS DA ANDORINHA;NORDESTE;BA;Eólica;EOL.CV.BA.030944-3.01;-10.58;-40.64
BAEVC1;V C FORMOSO 1 13 LEN;NORDESTE;BA;Eólica;EOL.CV.BA.030943-5.01;-10.63;-40.69
BAEVC2;V C FORMOSO 2 13 LEN;NORDESTE;BA;Eólica;EOL.CV.BA.031010-7.01;-10.52;-40.61
BAUEVM;VENTOS DE MORRINHOS;NORDESTE;BA;Eólica;EOL.CV.BA.030945-1.01;-10.57;-40.63
BAUEVS;V SERTAO 13 LEN;NORDESTE;BA;Eólica;EOL.CV.BA.030946-0.01;-10.56;-40.57
D30622;ARIZONA 1;NORDESTE;RN;Eólica;EOL.CV.RN.030622-3.01;-5.30;-35.38
RNUESB;S BENTO NORTE 2 LFA;NORDESTE;RN;Eólica;EOL.CV.RN.030536-7.01;-5.05;-35.98
RNUEOD;OLHO DAGUA 2LFA;NORDESTE;RN;Eólica;EOL.CV.RN.030549-9.01;-5.05;-35.97
RNUEBV;BOA VISTA 2LFA;NORDESTE;RN;Eólica;EOL.CV.RN.030512-0.01;-5.11;-35.93
RNECBR;COSTA BRANCA 2LFA;NORDESTE;RN;Eólica;EOL.CV.RN.030672-0.01;-5.42;-35.85
RNUEG1;CALANGO 1 2LFA;NORDESTE;RN;Eólica;EOL.CV.RN.030511-1.01;-6.03;-36.54
RNUEG2;CALANGO 2 2LFA;NORDESTE;RN;Eólica;EOL.CV.RN.030519-7.01;-6.02;-36.48
RNUEG3;CALANGO 3 2LFA;NORDESTE;RN;Eólica;EOL.CV.RN.030545-6.01;-6.05;-36.55
RNUEG4;CALANGO 4 2LFA;NORDESTE;RN;Eólica;EOL.CV.RN.030537-5.01;-6.02;-36.47
RNUEG5;CALANGO 5 2LFA;NORDESTE;RN;Eólica;EOL.CV.RN.030552-9.01;-6.03;-36.49
RNEAB8;ASA BRANCA 8 2LFA;NORDESTE;RN;Eólica;EOL.CV.RN.030508-1.01;-5.28;-35.98
RNEAB7;ASA BRANCA 7 2LFA;NORDESTE;RN;Eólica;EOL.CV.RN.030513-8.01;-5.25;-35.94
RNEAB6;ASA BRANCA 6 2LFA;NORDESTE;RN;Eólica;EOL.CV.RN.030520-0.01;-5.36;-36.00
RNEAB5;ASA BRANCA 5 2LFA;NORDESTE;RN;Eólica;EOL.CV.RN.030507-3.01;-5.38;-36.01
RNEAB4;ASA BRANCA 4 2LFA;NORDESTE;RN;Eólica;EOL.CV.RN.030498-0.01;-5.33;-35.99
RNEPEP;PEDRA PRETA 2LFA;NORDESTE;RN;Eólica;EOL.CV.RN.030671-1.01;-5.43;-35.85
RNEMAC;MACACOS 2LFA;NORDESTE;RN;Eólica;EOL.CV.RN.030661-4.01;-5.41;-35.85
RNEJUR;JUREMAS 2LFA;NORDESTE;RN;Eólica;EOL.CV.RN.030660-6.01;-5.39;-35.85
BAUECR;CRISTAL 3LER;NORDESTE;BA;Eólica;EOL.CV.BA.030727-0.01;-11.80;-41.39
BAUESJ;SAO JUDAS 3LER;NORDESTE;BA;Eólica;EOL.CV.BA.030725-4.01;-11.66;-41.36
RNCEE1;EURUS 1 3LER;NORDESTE;RN;Eólica;EOL.CV.RN.030503-0.01;-5.37;-35.86
BAUEAR;ARACAS 3LER;NORDESTE;BA;Eólica;EOL.CV.BA.030495-6.01;-14.13;-42.56
BAUEDP;DA PRATA;NORDESTE;BA;Eólica;EOL.CV.BA.030490-5.01;-13.95;-42.64
RNECV2;C DOS VENTOS 2 3LER;NORDESTE;RN;Eólica;EOL.CV.RN.030500-6.01;-5.32;-35.93
RNUERN;RENASCENÇA 5 3LER;NORDESTE;RN;Eólica;EOL.CV.RN.030497-2.01;-5.27;-35.86
BAUEPR;PRIMAVERA 3LER;NORDESTE;BA;Eólica;EOL.CV.BA.030726-2.01;-11.73;-41.37
BAUEMR;MORRAO;NORDESTE;BA;Eólica;EOL.CV.BA.030506-5.01;-14.09;-42.68
RNCEE3;EURUS 3 3LER;NORDESTE;RN;Eólica;EOL.CV.RN.030504-9.01;-5.40;-35.87
RNUEER;EURUS 2 3LER;NORDESTE;RN;Eólica;EOL.CV.RN.030499-9.01;-5.39;-35.83
BAUESE;SERAIMA;NORDESTE;BA;Eólica;EOL.CV.BA.030546-4.01;-14.15;-42.71
RNESS1;S DE SANTANA 1 3LER;NORDESTE;RN;Eólica;EOL.CV.RN.030625-8.01;-6.06;-36.58
RNESS2;S DE SANTANA 2 3LER;NORDESTE;RN;Eólica;EOL.CV.RN.030609-6.01;-6.10;-36.58
RNESS3;S DE SANTANA 3 3LER;NORDESTE;RN;Eólica;EOL.CV.RN.030615-0.01;-6.02;-36.51
BAUETQ;TANQUE 3LER;NORDESTE;BA;Eólica;EOL.CV.BA.030544-8.01;-14.10;-42.61
BAUEVN;V DO NORDESTE 3LER;NORDESTE;BA;Eólica;EOL.CV.BA.030476-0.01;-14.12;-42.61
RNEPR1;RENASCENÇA I 2LFA;NORDESTE;RN;Eólica;EOL.CV.RN.030515-4.01;-5.30;-35.87
RNEPR2;RENASCENÇA II 2LFA;NORDESTE;RN;Eólica;EOL.CV.RN.030516-2.01;-5.31;-35.89
RNEPR3;RENASCENÇA III;NORDESTE;RN;Eólica;EOL.CV.RN.030527-8.01;-5.30;-35.90
RNEPR4;RENASCENÇA IV;NORDESTE;RN;Eólica;EOL.CV.RN.030551-0.01;-5.30;-35.92
RNEVSM;VENTOS DE SÃO MIGUEL;NORDESTE;RN;Eólica;EOL.CV.RN.030514-6.01;-5.28;-35.88
BAUEDR;DOIS RIACHOS (EGP);NORDESTE;BA;Eólica;EOL.CV.BA.031121-9.01;-11.82;-41.46
CEUEGU;GUAJIRÚ;NORDESTE;CE;Eólica;EOL.CV.CE.030663-0.01;-3.26;-39.22
CEUETR;TRAIRÍ;NORDESTE;CE;Eólica;EOL.CV.CE.030662-2.01;-3.22;-39.29
CEUEBU;NOVA BURITI;NORDESTE;CE;Eólica;EOL.CV.CE.030279-1.01;-2.89;-39.98
CEUEFL;FLEIXEIRAS I;NORDESTE;CE;Eólica;EOL.CV.CE.030670-3.01;-3.20;-39.36
RNEEU4;EURUS IV;NORDESTE;RN;Eólica;EOL.CV.RN.030509-0.01;-5.26;-35.81
RNEAB3;ASA BRANCA 3 2LFA;NORDESTE;RN;Eólica;EOL.CV.RN.030548-0.01;-5.26;-35.84
RNEAB2;ASA BRANCA 2 2LFA;NORDESTE;RN;Eólica;EOL.CV.RN.030547-2.01;-5.23;-35.88
RNEAB1;ASA BRANCA 1 2LFA;NORDESTE;RN;Eólica;EOL.CV.RN.030505-7.01;-5.23;-35.83
BAUEAT;AMETISTA;NORDESTE;BA;Eólica;EOL.CV.BA.030779-3.01;-14.13;-42.59
BAUEBR;BORGO;NORDESTE;BA;Eólica;EOL.CV.BA.030837-4.01;-14.51;-42.59
BAUECE;CAETITE;NORDESTE;BA;Eólica;EOL.CV.BA.030792-0.01;-14.47;-42.58
BAUEPO;PELOURINHO;NORDESTE;BA;Eólica;EOL.CV.BA.030793-9.01;-14.53;-42.59
BAUEDU;DOURADOS (UEE DOURAD;NORDESTE;BA;Eólica;EOL.CV.BA.030778-5.01;-13.86;-42.73
BAUEJO;JOANA;NORDESTE;BA;Eólica;EOL.CV.BA.030801-3.01;-13.92;-42.62
BAUEMA;MARON;NORDESTE;BA;Eólica;EOL.CV.BA.030768-8.01;-14.09;-42.62
BAUEPI;PILÕES;NORDESTE;BA;Eólica;EOL.CV.BA.030776-9.01;-14.03;-42.62
D30827;PORTO DAS BARCAS;NORDESTE;PI;Eólica;EOL.CV.PI.030827-7.01;-2.82;-41.74
BAUEMI;EMILIANA;NORDESTE;BA;Eólica;EOL.CV.BA.030807-2.01;-13.91;-42.62
D30830;PORTO SALGADO;NORDESTE;PI;Eólica;EOL.CV.PI.030830-7.01;-2.84;-41.73
RNUEMP;MODELO I;NORDESTE;RN;Eólica;EOL.CV.RN.030787-4.01;-5.43;-35.89
BAUESP;SERRA DO ESPINHACO;NORDESTE;BA;Eólica;EOL.CV.BA.030802-1.01;-14.50;-42.58
BAEPGO;ESPIGAO;NORDESTE;BA;Eólica;EOL.CV.BA.030803-0.01;-14.48;-42.59
D30838;DELTA DO PARNAIBA;NORDESTE;PI;Eólica;EOL.CV.PI.030838-2.01;-2.84;-41.71
PEUEPF;PAU FERRO;NORDESTE;PE;Eólica;EOL.CV.PE.030805-6.01;-9.06;-38.12
CEUESC;SAO CRISTOVAO;NORDESTE;CE;Eólica;EOL.CV.CE.030912-5.01;-3.26;-39.25
CEUESJ;SAO JORGE CE;NORDESTE;CE;Eólica;EOL.CV.CE.030911-7.01;-3.25;-39.25
RNUEMD;MODELO II;NORDESTE;RN;Eólica;EOL.CV.RN.030788-2.01;-5.41;-35.90
PEUETA;TACAICO;NORDESTE;PE;Eólica;EOL.CV.PE.030789-0.01;-9.02;-38.06
PEUEPG;PEDRA DO GERÔNIMO;NORDESTE;PE;Eólica;EOL.CV.PE.030806-4.01;-9.07;-38.14
CEUEMU;MUNDAÚ;NORDESTE;CE;Eólica;EOL.CV.CE.030656-8.01;-3.19;-39.37
CEUEAP;STO ANTONIO DE PADUA;NORDESTE;CE;Eólica;EOL.CV.CE.030916-8.01;-3.27;-39.22
RNUEVX;UNIAO DOS VENTOS 10;NORDESTE;RN;Eólica;EOL.CV.RN.030571-5.01;-5.11;-35.89
RNUEV9;UNIAO DOS VENTOS 09;NORDESTE;RN;Eólica;EOL.CV.RN.030570-7.01;-5.09;-35.89
RNUEV8;UNIAO DOS VENTOS 08;NORDESTE;RN;Eólica;EOL.CV.RN.030569-3.01;-5.07;-35.89
RNUEV7;UNIAO DOS VENTOS 07;NORDESTE;RN;Eólica;EOL.CV.RN.030568-5.01;-5.10;-35.75
RNUEV6;UNIÃO DOS VENTOS 06;NORDESTE;RN;Eólica;EOL.CV.RN.030567-7.01;-5.09;-35.77
RNUEV5;UNIAO DOS VENTOS 05;NORDESTE;RN;Eólica;EOL.CV.RN.030566-9.01;-5.09;-35.78
RNUEV4;UNIÃO DOS VENTOS 04;NORDESTE;RN;Eólica;EOL.CV.RN.030565-0.01;-5.09;-35.80
RNUEV3;UNIAO DOS VENTOS 03;NORDESTE;RN;Eólica;EOL.CV.RN.030564-2.01;-5.08;-35.81
RNUEV2;UNIAO DOS VENTOS 02;NORDESTE;RN;Eólica;EOL.CV.RN.030563-4.01;-5.08;-35.83
RNUEV1;UNIÃO DOS VENTOS 01;NORDESTE;RN;Eólica;EOL.CV.RN.030562-6.01;-5.08;-35.84
RNECNB;CARNAUBAS;NORDESTE;RN;Eólica;EOL.CV.RN.030831-5.01;-5.15;-35.66
RNECAU;CARCARA I;NORDESTE;RN;Eólica;EOL.CV.RN.030832-3.01;-4.94;-36.99
BAEANG;ANGICAL;NORDESTE;BA;Eólica;EOL.CV.BA.030732-7.01;-14.35;-42.61
CEEMAU;MALHADINHA 1;NORDESTE;CE;Eólica;EOL.CV.CE.030841-2.01;-3.95;-41.12
BAECOQ;COQUEIRINHO;NORDESTE;BA;Eólica;EOL.CV.BA.030738-6.01;-14.42;-42.63
RNELAN;LANCHINHA;NORDESTE;RN;Eólica;EOL.CV.RN.030860-9.01;-6.14;-36.72
RNERED;REDUTO;NORDESTE;RN;Eólica;EOL.CV.RN.030843-9.01;-5.13;-35.69
BAECAI;CAITITU;NORDESTE;BA;Eólica;EOL.CV.BA.030739-4.01;-14.45;-42.64
BAEINH;INHAMBU;NORDESTE;BA;Eólica;EOL.CV.BA.030751-3.01;-14.39;-42.59
RNESJO;EOL SAO JOAO;NORDESTE;RN;Eólica;EOL.CV.RN.030804-8.01;-5.13;-35.65
BAETAM;TAMANDUA MIRIM;NORDESTE;BA;Eólica;EOL.CV.BA.030753-0.01;-14.38;-42.61
RNESMA;SM (SANTA MARIA);NORDESTE;RN;Eólica;EOL.CV.RN.030864-1.01;-5.44;-35.92
BAECOR;CORRUPIAO;NORDESTE;BA;Eólica;EOL.CV.BA.030752-1.01;-14.29;-42.59
RNESHE;SANTA HELENA;NORDESTE;RN;Eólica;EOL.CV.RN.030834-0.01;-5.47;-35.92
RNESCR;SANTO CRISTO;NORDESTE;RN;Eólica;EOL.CV.RN.030849-8.01;-5.14;-35.62
RNESUR;VENTOS DE STO URIEL;NORDESTE;RN;Eólica;EOL.CV.RN.030828-5.01;-5.49;-35.90
RNEPEL;PARQUE EÓLICO PELADO;NORDESTE;RN;Eólica;EOL.CV.RN.030856-0.01;-6.00;-36.44
BAETEI;EÓLICA TEIU;NORDESTE;BA;Eólica;EOL.CV.BA.030731-9.01;-14.34;-42.59
CEUEIG;ILHA GRANDE;NORDESTE;CE;Eólica;EOL.CV.CE.030691-6.01;-3.07;-39.70
CEUEBC;BOCA DO CÓRREGO;NORDESTE;CE;Eólica;EOL.CV.CE.030697-5.01;-3.10;-39.67
CEUERB;RIBEIRAO EOLOS;NORDESTE;CE;Eólica;EOL.CV.CE.030695-9.01;-3.10;-39.68
BAEA02;ASSURUA 1 II ENERGIA;NORDESTE;BA;Eólica;EOL.CV.BA.031343-2.01;-11.16;-42.67
BAEARA;ARAPAPA;NORDESTE;CE;Eólica;EOL.CV.BA.031434-0.01;-14.43;-42.69
BAUET1;CAETITE 1;NORDESTE;BA;Eólica;EOL.CV.BA.030976-1.01;-14.16;-42.48
RNUER3;RIACHÃO I;NORDESTE;CE;Eólica;EOL.CV.RN.030870-6.01;-5.52;-35.43
RNUER1;RIACHÃO VI;NORDESTE;RN;Eólica;EOL.CV.RN.030872-2.01;-5.54;-35.45
RNUER7;RIACHÃO VII;NORDESTE;RN;Eólica;EOL.CV.RN.030873-0.01;-5.58;-35.46
RNUER2;RIACHÃO II;NORDESTE;CE;Eólica;EOL.CV.RN.030871-4.01;-5.57;-35.45
RNUER4;RIACHÃO IV;NORDESTE;CE;Eólica;EOL.CV.RN.030874-9.01;-5.52;-35.47
CEEIT5;ITAREMA V;NORDESTE;CE;Eólica;EOL.CV.CE.031482-0.01;-2.97;-39.88
CEEIT2;ITAREMA II;NORDESTE;CE;Eólica;EOL.CV.CE.031483-8.01;-2.92;-39.86
CEEIT1;ITAREMA I;NORDESTE;CE;Eólica;EOL.CV.CE.031485-4.01;-2.92;-39.84
PEEBR1;SANTA BRIGIDA I;NORDESTE;CE;Eólica;EOL.CV.PE.031365-3.01;-8.81;-36.75
BAEMUS;MUSSAMBE;NORDESTE;BA;Eólica;EOL.CV.BA.031352-1.01;-9.86;-41.08
BAEMBU;MORRO BRANCO I;NORDESTE;BA;Eólica;EOL.CV.BA.031336-0.01;-9.85;-41.06
BAEBAU;BARAUNAS I;NORDESTE;BA;Eólica;EOL.CV.BA.031335-1.01;-9.89;-41.12
PEEBR7;SANTA BRIGIDA VII;NORDESTE;CE;Eólica;EOL.CV.PE.031422-6.01;-8.80;-36.76
PEEBR2;SANTA BRIGIDA II;NORDESTE;CE;Eólica;EOL.CV.PE.031363-7.01;-8.80;-36.73
PEEBR3;SANTA BRIGIDA III;NORDESTE;CE;Eólica;EOL.CV.PE.031354-8.01;-8.85;-36.77
PEEBR4;SANTA BRIGIDA IV;NORDESTE;CE;Eólica;EOL.CV.PE.031370-0.01;-8.83;-36.76
PEEBR5;SANTA BRIGIDA 5;NORDESTE;CE;Eólica;EOL.CV.PE.031346-7.01;-8.85;-36.73
PEEBR6;SANTA BRIGIDA VI;NORDESTE;CE;Eólica;EOL.CV.PE.031353-0.01;-8.87;-36.75
PIEO01;SANTO ONOFRE 1;NORDESTE;PI;Eólica;EOL.CV.PI.031364-5.01;-7.55;-40.73
BAECTC;CAETITE C;NORDESTE;BA;Eólica;EOL.CV.BA.031523-0.01;-14.11;-42.47
BAECTA;CAETITE A;NORDESTE;BA;Eólica;EOL.CV.BA.031344-0.01;-14.14;-42.48
BAECTB;CAETITE B;NORDESTE;BA;Eólica;EOL.CV.BA.031342-4.01;-14.11;-42.47
PIEJ9;SANTA JOANA IX;NORDESTE;PI;Eólica;EOL.CV.PI.031417-0.01;-7.45;-40.74
PIEO03;SANTO ONOFRE III;NORDESTE;PI;Eólica;EOL.CV.PI.031886-8.02;-7.56;-40.73
PIEJ02;SANTA JOANA II;NORDESTE;PI;Eólica;EOL.CV.PI.031361-0.01;-7.57;-40.70
PIEJ06;SANTA JOANA VI;NORDESTE;PI;Eólica;EOL.CV.PI.031367-0.01;-7.53;-40.74
PIEJ08;SANTA JOANA VIII;NORDESTE;PI;Eólica;EOL.CV.PI.031366-1.01;-7.60;-40.73
PIEJ15;SANTA JOANA XIV;NORDESTE;PI;Eólica;EOL.CV.PI.031368-8.01;-7.51;-40.73
PIEO02;SANTO ONOFRE II;NORDESTE;PI;Eólica;EOL.CV.PI.031362-9.01;-7.59;-40.73
PIEJ10;VENTOS STA JOANA X;NORDESTE;PI;Eólica;EOL.CV.PI.031393-9.01;-7.44;-40.71
PIEJ12;SANTA JOANA XII;NORDESTE;PI;Eólica;EOL.CV.PI.031414-5.01;-7.49;-40.75
PIEJ13;VENTOS ST JOANA XIII;NORDESTE;PI;Eólica;EOL.CV.PI.031394-7.01;-7.41;-40.71
PIEJ14;SANTA JOANA XV;NORDESTE;PI;Eólica;EOL.CV.PI.031416-1.01;-7.48;-40.77
PIEJ11;SANTA JOANA XI;NORDESTE;PI;Eólica;EOL.CV.PI.031388-2.01;-7.48;-40.80
PIEJ16;SANTA JOANA XVI;NORDESTE;PI;Eólica;EOL.CV.PI.031392-0.01;-7.46;-40.72
BAECQ2;COQUEIRINHO 2;NORDESTE;BA;Eólica;EOL.CV.BA.031518-4.01;-14.50;-42.65
BAEPPG;EOL Papagaio;NORDESTE;BA;Eólica;EOL.CV.BA.031511-7.01;-14.48;-42.64
BAECO3;CORRUPIAO 3;NORDESTE;BA;Eólica;EOL.CV.BA.031458-7.01;-14.27;-42.58
BAECAR;CARCARA;NORDESTE;BA;Eólica;EOL.CV.BA.031447-1.01;-14.28;-42.59
BAETE2;TEIU 2;NORDESTE;BA;Eólica;EOL.CV.BA.031431-5.01;-14.44;-42.69
BAECT2;CAITITU 2;NORDESTE;BA;Eólica;EOL.CV.BA.031432-3.01;-14.33;-42.61
BAECT3;CAITITU 3;NORDESTE;BA;Eólica;EOL.CV.BA.031459-5.01;-14.32;-42.61
BAECAU;ACAUA;NORDESTE;BA;Eólica;EOL.CV.BA.031433-1.01;-14.41;-42.66
BAEAN2;ANGICAL 2;NORDESTE;BA;Eólica;EOL.CV.BA.031435-8.01;-14.42;-42.64
BAEA05;ASSURUA 1 I ENERGIA;NORDESTE;BA;Eólica;EOL.CV.BA.031341-6.01;-11.18;-42.71
BAEA07;ASSURUA 1 III ENERGI;NORDESTE;BA;Eólica;EOL.CV.BA.031356-4.01;-11.07;-42.68
BAUEDA;DAMASCENA;NORDESTE;BA;Eólica;EOL.CV.BA.031338-6.01;-11.86;-41.47
BAUEEP;EOL ESPERANCA;NORDESTE;BA;Eólica;EOL.CV.BA.031355-6.01;-11.80;-41.39
BAUEMN;MANICOBA;NORDESTE;BA;Eólica;EOL.CV.BA.031337-8.01;-11.89;-41.46
RNECA2;CAICARA II;NORDESTE;CE;Eólica;EOL.CV.RN.030915-0.02;-4.99;-36.93
PEESV3;SERRA DAS VACAS 3;NORDESTE;PE;Eólica;EOL.CV.PE.031560-5.01;-8.90;-36.76
PEESV2;SERRA DAS VACAS 2;NORDESTE;PE;Eólica;EOL.CV.PE.031540-0.01;-8.90;-36.73
PEESV1;SERRA DAS VACAS 1;NORDESTE;PE;Eólica;EOL.CV.PE.031537-0.01;-8.93;-36.74
PEESV4;SERRA DAS VACAS 4;NORDESTE;PE;Eólica;EOL.CV.PE.031574-5.01;-8.91;-36.73
PIEJ01;EOL SANTA JOANA I;NORDESTE;PI;Eólica;EOL.CV.PI.031581-8.01;-7.42;-40.67
PIEJ03;EOL SANTA JOANA III;NORDESTE;PI;Eólica;EOL.CV.PI.031580-0.01;-7.44;-40.75
PIEJ04;EOL SANTA JOANA IV;NORDESTE;PI;Eólica;EOL.CV.PI.031520-6.01;-7.45;-40.69
PIEJ05;EOL SANTA JOANA V;NORDESTE;PI;Eólica;EOL.CV.PI.031538-9.01;-7.37;-40.67
PIEJ07;EOL SANTA JOANA VII;NORDESTE;PI;Eólica;EOL.CV.PI.031597-4.01;-7.41;-40.67
PIEAU4;SANTO AUGUSTO IV;NORDESTE;PI;Eólica;EOL.CV.PI.031603-2.01;-7.37;-40.71
PIEAU3;EOL SANTO AUGUSTOIII;NORDESTE;PI;Eólica;EOL.CV.PI.031662-8.01;-7.37;-40.71
PIEAU5;EOL SANTO AUGUSTO V;NORDESTE;PI;Eólica;EOL.CV.PI.031661-0.01;-7.41;-40.70
CEEIT3;ITAREMA III;NORDESTE;CE;Eólica;EOL.CV.CE.031484-6.01;-2.95;-39.84
BAUEVG;VENTOS DE GUARÁS I;NORDESTE;BA;Eólica;EOL.CV.BA.031563-0.01;-10.61;-40.65
BAEBAD;BARAUNAS II;NORDESTE;BA;Eólica;EOL.CV.BA.031667-9.01;-9.87;-41.06
BAEBCO;EOL BANDA DE COURO;NORDESTE;BA;Eólica;EOL.CV.BA.031607-5.01;-9.85;-41.05
CEECVA;CATAVENTOS ACARAU I;NORDESTE;CE;Eólica;EOL.CV.CE.033756-0.01;-2.84;-40.06
PIESAN;SANTA ANGELINA;NORDESTE;PI;Eólica;EOL.CV.PI.031275-4.01;-7.30;-40.53
RNECV1;CAMPO DOS VENTOS I;NORDESTE;RN;Eólica;EOL.CV.RN.031072-7.01;-5.35;-35.94
RNECV3;CAMPO DOS VENTOS III;NORDESTE;RN;Eólica;EOL.CV.RN.031071-9.01;-5.34;-35.97
RNECV5;Campo dos Ventos V;NORDESTE;RN;Eólica;EOL.CV.RN.031069-7.01;-5.29;-35.95
CETAIA;WWP TAIBA;NORDESTE;CE;Eólica;EOL.CV.CE.002801-0.01;-3.49;-38.93
PEECL1;SAO CLEMENTE I;NORDESTE;PE;Eólica;EOL.CV.PE.031818-3.01;-8.73;-36.70
PEECL2;SAO CLEMENTE II;NORDESTE;P8;Eólica;EOL.CV.PE.031819-1.01;-8.71;-36.73
PEECL3;SAO CLEMENTE III;NORDESTE;PE;Eólica;EOL.CV.PE.031820-5.01;-8.71;-36.72
PEECL4;SAO CLEMENTE IV;NORDESTE;PE;Eólica;EOL.CV.PE.031821-3.01;-8.70;-36.76
PEECL5;SAO CLEMENTE V;NORDESTE;PE;Eólica;EOL.CV.PE.031822-1.01;-8.78;-36.76
PEECL6;SAO CLEMENTE VI;NORDESTE;PE;Eólica;EOL.CV.PE.031823-0.01;-8.76;-36.71
PEECL7;SAO CLEMENTE VII;NORDESTE;PE;Eólica;EOL.CV.PE.031824-8.01;-8.75;-36.73
PEECL8;SAO CLEMENTE VIII;NORDESTE;PE;Eólica;EOL.CV.PE.031825-6.01;-8.70;-36.78
PITESA;EOL TESTA BRANCA III;NORDESTE;PI;Eólica;EOL.CV.PI.033479-0.01;-2.79;-41.79
PITEST;EOL TESTA BRANCA I;NORDESTE;PI;Eólica;EOL.CV.PI.031666-0.01;-2.81;-41.78
CEEIT4;ITAREMA IV;NORDESTE;CE;Eólica;EOL.CV.CE.031813-2.01;-2.97;-39.88
CEEIT6;ITAREMA VI;NORDESTE;CE;Eólica;EOL.CV.CE.031815-9.01;-2.93;-39.88
CEEIT7;ITAREMA VII;NORDESTE;CE;Eólica;EOL.CV.CE.031816-7.01;-2.93;-39.88
CEEIT9;ITAREMA IX;NORDESTE;CE;Eólica;EOL.CV.CE.031814-0.01;-2.93;-39.88
CEEIT8;ITAREMA VIII;NORDESTE;CE;Eólica;EOL.CV.CE.031817-5.01;-2.93;-39.88
PIESFA;SANTA FATIMA;NORDESTE;PI;Eólica;EOL.CV.PI.031273-8.01;-7.34;-40.57
PIESRE;VENTOS SANTA REGINA;NORDESTE;PI;Eólica;EOL.CV.PI.031276-2.01;-7.33;-40.59
PIESBA;VENTOS SANTA BARBARA;NORDESTE;PI;Eólica;EOL.CV.PI.031274-6.01;-7.30;-40.54
PIESAD;VENTOS SANTO ADRIANO;NORDESTE;PI;Eólica;EOL.CV.PI.031271-1.01;-7.34;-40.56
PIESED;SANTA EDWIGES;NORDESTE;PI;Eólica;EOL.CV.PI.031270-3.01;-7.31;-40.56
PIESAL;VENTOS SANTO ALBANO;NORDESTE;PI;Eólica;EOL.CV.PI.031272-0.01;-7.36;-40.58
CEESMA;SANTA MONICA I;NORDESTE;CE;Eólica;EOL.CV.CE.032013-7.01;-3.26;-39.28
RNEVP1;EOL VILA PARA I;NORDESTE;RN;Eólica;EOL.CV.RN.031759-4.01;-5.04;-36.91
RNEVP3;EOL VILA PARA III;NORDESTE;RN;Eólica;EOL.CV.RN.031765-9.01;-5.06;-36.91
RNEBEN;EOL SAO BENEDITO;NORDESTE;RN;Eólica;EOL.CV.RN.031373-4.01;-5.23;-35.79
RNEVP2;EOL VILA PARA II;NORDESTE;RN;Eólica;EOL.CV.RN.031757-8.01;-5.04;-36.91
RNEVA5;EOL VILA AMAZONAS V;NORDESTE;RN;Eólica;EOL.CV.RN.031750-0.01;-5.00;-36.95
RNEDIM;VENTOS SANTO DIMAS;NORDESTE;RN;Eólica;EOL.CV.RN.031372-6.01;-5.23;-35.79
RNEDOM;SAO DOMINGOS;NORDESTE;RN;Eólica;EOL.CV.RN.032215-6.01;-5.21;-35.82
RNEMTO;VENTOS SAO MARTINHO;NORDESTE;RN;Eólica;EOL.CV.RN.031412-9.01;-5.28;-35.78
RNEMON;EOL SANTA MONICA;NORDESTE;RN;Eólica;EOL.CV.RN.031427-7.01;-5.28;-35.80
RNEURS;EOL SANTA URSULA;NORDESTE;RN;Eólica;EOL.CV.RN.031425-0.01;-5.29;-35.79
CEECAA;EOL CACIMBAS 1;NORDESTE;CE;Eólica;EOL.CV.CE.032011-0.01;-3.25;-39.28
CEEVMC;EOL MORRO DO CHAPEU;NORDESTE;CE;Eólica;EOL.CV.CE.030582-0.01;-3.85;-41.16
CEEVIT;EOL TIANGUA;NORDESTE;CE;Eólica;EOL.CV.CE.030585-5.01;-3.87;-41.19
CEEVPA;EOL PARAZINHO;NORDESTE;CE;Eólica;EOL.CV.CE.030596-0.01;-3.88;-41.16
CEEVTN;EOL TIANGUA NORTE;NORDESTE;CE;Eólica;EOL.CV.CE.030584-7.01;-3.84;-41.18
CEEVFO;VENTO FORMOSO;NORDESTE;CE;Eólica;EOL.CV.CE.030595-2.01;-3.86;-41.13
PIPORD;EOL PORTO DO DELTA;NORDESTE;PI;Eólica;EOL.CV.PI.030639-8.01;-2.84;-41.69
RNUEG6;CALANGO 6;NORDESTE;RN;Eólica;EOL.CV.RN.031812-4.01;-6.01;-36.45
RNESA1;SANTANA 1;NORDESTE;RN;Eólica;EOL.CV.RN.031810-8.01;-6.03;-36.44
RNESA2;SANTANA 2;NORDESTE;RN;Eólica;EOL.CV.RN.031811-6.01;-6.07;-36.45
CEEEST;ESTRELA;NORDESTE;CE;Eólica;EOL.CV.CE.032010-2.01;-3.25;-39.29
PIEES3;SANTO ESTEVAO III;NORDESTE;PE;Eólica;EOL.CV.PE.031763-2.01;-7.73;-40.64
PIEES5;SANTO ESTEVAO V;NORDESTE;PE;Eólica;EOL.CV.PE.031764-0.01;-7.76;-40.67
PIEAU2;SANTO AUGUSTO II;NORDESTE;PI;Eólica;EOL.CV.PI.031747-0.02;-7.77;-40.68
PIEAU8;SANTO AUGUSTO VIII;NORDESTE;PI;Eólica;EOL.CV.PI.031767-5.01;-7.77;-40.68
CEEOVE;EOLICA OURO VERDE;NORDESTE;CE;Eólica;EOL.CV.CE.032012-9.01;-3.28;-39.31
PIEAU1;VENTOS STO AUGUSTO I;NORDESTE;PI;Eólica;EOL.CV.PI.031746-2.02;-7.74;-40.68
PIEAU6;V SANTO AUGUSTO VI;NORDESTE;PI;Eólica;EOL.CV.PI.031766-7.01;-7.71;-40.68
PIEAU7;VENTOS STO AUGUSTO 7;NORDESTE;PI;Eólica;EOL.CV.PI.031749-7.01;-7.73;-40.68
PIEES1;SANTO ESTEVAO I;NORDESTE;PE;Eólica;EOL.CV.PE.031761-6.01;-7.74;-40.67
PIEES2;SANTO ESTEVAO II;NORDESTE;PE;Eólica;EOL.CV.PE.031762-4.01;-7.75;-40.63
PIEES4;VENTOS STO ESTEVAO 4;NORDESTE;PE;Eólica;EOL.CV.PE.032365-9.01;-7.79;-40.63
PIEO04;V SANTO ONOFRE 4;NORDESTE;PI;Eólica;EOL.CV.PI.032366-7.01;-7.60;-40.68
PIEVI1;SAO VIRGILIO 01;NORDESTE;PI;Eólica;EOL.CV.PI.032367-5.01;-7.74;-40.72
PIEVI3;VENTOS S VIRGILIO 03;NORDESTE;PI;Eólica;EOL.CV.PI.032368-3.01;-7.80;-40.71
PIEVI2;VENTOS S VIRGILIO 02;NORDESTE;PI;Eólica;EOL.CV.PI.033667-0.01;-7.79;-40.73
PIEV14;VENTOS VICENTE 14;NORDESTE;PI;Eólica;EOL.CV.PI.033138-4.01;-7.99;-40.58
RNEVAI;VILA ACRE 1;NORDESTE;RN;Eólica;EOL.CV.RN.033752-8.01;-5.06;-37.03
BAEVB2;VENTOS DA BAHIA 2;NORDESTE;BA;Eólica;EOL.CV.BA.031758-6.01;-12.01;-41.44
BAECLF;CAMPO LARGO VI;NORDESTE;BA;Eólica;EOL.CV.BA.033631-9.01;-10.42;-41.40
CEECH1;PEDRA CHEIROSA 1;NORDESTE;CE;Eólica;EOL.CV.CE.031736-5.01;-2.99;-39.74
CEECH2;PEDRA CHEIROSA 2;NORDESTE;CE;Eólica;EOL.CV.CE.031698-9.01;-3.01;-39.73
BAEVB8;VENTOS DA BAHIA 8;NORDESTE;BA;Eólica;EOL.CV.BA.031771-3.01;-12.03;-41.45
BAEVB4;VENTOS DA BAHIA 4;NORDESTE;BA;Eólica;EOL.CV.BA.031770-5.01;-11.98;-41.44
BAECR1;CRISTALANDIA I;NORDESTE;BA;Eólica;EOL.CV.BA.032081-1.01;-13.93;-41.56
BAECR2;CRISTALANDIA II;NORDESTE;BA;Eólica;EOL.CV.BA.032082-0.01;-13.97;-41.55
BAECR3;CRISTALANDIA III;NORDESTE;BA;Eólica;EOL.CV.BA.032083-8.01;-14.00;-41.54
BAEA04;ASSURUA IV;NORDESTE;BA;Eólica;EOL.CV.BA.032343-8.01;-11.05;-42.69
RNEARO;EOL AROEIRA;NORDESTE;RN;Eólica;EOL.CV.RN.031801-9.01;-5.34;-36.11
CEEBC2;EOL B VEN CACIMBAS 2;NORDESTE;CE;Eólica;EOL.CV.CE.031644-0.01;-3.89;-41.04
CEEBC3;EOL B VEN CACIMBAS 3;NORDESTE;CE;Eólica;EOL.CV.CE.031627-0.01;-3.86;-41.02
CEEBC4;EOL B VEN CACIMBAS 4;NORDESTE;CE;Eólica;EOL.CV.CE.031621-0.01;-3.93;-41.03
CEEBC5;EOL B VEN CACIMBAS 5;NORDESTE;CE;Eólica;EOL.CV.CE.031579-6.01;-3.92;-41.03
CEEBC7;EOL B VEN CACIMBAS 7;NORDESTE;CE;Eólica;EOL.CV.CE.031611-3.01;-3.86;-41.04
RNECVE;EOL CABECO VERMELHO;NORDESTE;RN;Eólica;EOL.CV.RN.031651-2.01;-5.51;-36.02
RNECVD;CABECO VERMELHO 2;NORDESTE;RN;Eólica;EOL.CV.RN.031665-2.01;-5.49;-35.99
BAETM2;TAMANDUÁ MIRIM 2;NORDESTE;BA;Eólica;EOL.CV.BA.031606-7.01;-14.46;-42.67
RNUE15;UNIAO DOS VENTOS 15;NORDESTE;RN;Eólica;EOL.CV.RN.031642-3.01;-5.28;-35.76
RNUE16;UNIAO DOS VENTOS 16;NORDESTE;RN;Eólica;EOL.CV.RN.031652-0.01;-5.27;-35.77
PIEV08;VENTOS S VICENTE 08;NORDESTE;PI;Eólica;EOL.CV.PI.033144-9.01;-8.01;-40.63
PIEV09;VENTOS S VICENTE 09;NORDESTE;PI;Eólica;EOL.CV.PI.033143-0.01;-8.02;-40.66
PIEV10;VENTOS S VICENTE 10;NORDESTE;PI;Eólica;EOL.CV.PI.033136-8.01;-8.02;-40.62
PIEV11;VENTOS S VICENTE 11;NORDESTE;PI;Eólica;EOL.CV.PI.033141-4.01;-8.02;-40.62
PIEV12;VENTOS S VICENTE 12;NORDESTE;PI;Eólica;EOL.CV.PI.033140-6.01;-8.02;-40.62
PIEV13;VENTOS S VICENTE 13;NORDESTE;PI;Eólica;EOL.CV.PI.033139-2.01;-8.00;-40.61
BAECND;CASA NOVA 2;NORDESTE;BA;Eólica;EOL.CV.BA.031519-2.01;-9.27;-41.05
BAECNT;CASA NOVA 3;NORDESTE;BA;Eólica;EOL.CV.BA.031524-9.01;-9.31;-41.12
RNEJER;JERICO;NORDESTE;RN;Eólica;EOL.CV.RN.031802-7.01;-5.37;-36.09
RNEUBZ;UMBUZEIROS;NORDESTE;RN;Eólica;EOL.CV.RN.031826-4.01;-5.41;-36.08
BAESMR;VENTOS DO SAO MARIO;NORDESTE;BA;Eólica;EOL.CV.BA.033650-5.01;-11.59;-41.23
BAESPL;VENTOS DO SAO PAULO;NORDESTE;BA;Eólica;EOL.CV.BA.033652-1.01;-11.57;-41.30
BAESTD;VENTOS DA STA DULCE;NORDESTE;BA;Eólica;EOL.CV.BA.033648-3.01;-11.60;-41.33
BAESTE;VENT DA ST ESPERANCA;NORDESTE;BA;Eólica;EOL.CV.BA.033649-1.01;-11.60;-41.31
BAEDF1;DELFINA 1;NORDESTE;BA;Eólica;EOL.CV.BA.032357-8.01;-10.06;-40.98
BAEDF2;DELFINA 2;NORDESTE;BA;Eólica;EOL.CV.BA.032358-6.01;-10.04;-40.96
BAEDF5;DELFINA 5;NORDESTE;BA;Eólica;EOL.CV.BA.032359-4.01;-10.02;-40.93
RNEPRA;PEDRA RAJADA;NORDESTE;RN;Eólica;EOL.CV.RN.032352-7.01;-5.91;-36.31
RNEPRD;PEDRA RAJADA II;NORDESTE;RN;Eólica;EOL.CV.RN.032353-5.01;-5.89;-36.29
PIELB1;AURA LAGOA DO BARRO;NORDESTE;PI;Eólica;EOL.CV.PI.033621-1.01;-8.70;-41.64
BAEDF3;DELFINA 3;NORDESTE;BA;Eólica;EOL.CV.BA.032521-0.01;-10.00;-40.93
BAEDF4;DELFINA 4;NORDESTE;BA;Eólica;EOL.CV.BA.032522-8.01;-10.07;-40.98
BAEDF6;DELFINA 6;NORDESTE;BA;Eólica;EOL.CV.BA.032523-6.01;-10.03;-40.95
BAEDF7;DELFINA 7;NORDESTE;BA;Eólica;EOL.CV.BA.032524-4.01;-9.99;-40.91
PIELB3;LAGOA DO BARRO 03;NORDESTE;PI;Eólica;EOL.CV.PI.033619-0.01;-8.61;-41.55
PIELB4;LAGOA DO BARRO 04;NORDESTE;PI;Eólica;EOL.CV.PI.033620-3.01;-8.59;-41.54
PIELB5;LAGOA BARRO 05;NORDESTE;PI;Eólica;EOL.CV.PI.033623-8.01;-8.59;-41.54
PIELB6;LAGOA DO BARRO 06;NORDESTE;PI;Eólica;EOL.CV.PI.033624-6.01;-8.63;-41.56
PIELB7;LAGOA DO BARRO 07;NORDESTE;PI;Eólica;EOL.CV.PI.033618-1.01;-8.68;-41.63
PIEQN3;QUEIMADA NOVA 03;NORDESTE;PI;Eólica;EOL.CV.PI.033625-4.01;-8.67;-41.63
RNEBE1;BOA ESPERANÇA I;NORDESTE;RN;Eólica;EOL.CV.RN.033666-1.01;-5.53;-35.97
BAECLC;CAMPO LARGO III;NORDESTE;BA;Eólica;EOL.CV.BA.033628-9.01;-10.50;-41.54
BAECLD;CAMPO LARGO IV;NORDESTE;BA;Eólica;EOL.CV.BA.033629-7.01;-10.49;-41.51
BAECLE;CAMPO LARGO V;NORDESTE;BA;Eólica;EOL.CV.BA.033630-0.01;-10.42;-41.43
BAECLG;CAMPO LARGO 7;NORDESTE;BA;Eólica;EOL.CV.BA.033632-7.01;-10.52;-41.49
BAECLU;CAMPO LARGO XXI;NORDESTE;BA;Eólica;EOL.CV.BA.033633-5.01;-10.45;-41.45
BAEA03;ASSURUA 3;NORDESTE;BA;Eólica;EOL.CV.BA.032342-0.01;-11.17;-42.68
BAECA3;CAPOEIRAS 3;NORDESTE;BA;Eólica;EOL.CV.BA.032344-6.01;-11.18;-42.74
BAECP1;CURRAL DE PEDRAS 1;NORDESTE;BA;Eólica;EOL.CV.BA.032345-4.01;-11.13;-42.65
BAECP2;CURRAL DE PEDRAS 2;NORDESTE;BA;Eólica;EOL.CV.BA.032346-2.01;-11.21;-42.70
BAEDI2;DIAMANTE II;NORDESTE;BA;Eólica;EOL.CV.BA.032347-0.01;-11.11;-42.67
BAEDI3;DIAMANTE III;NORDESTE;BA;Eólica;EOL.CV.BA.032348-9.01;-11.09;-42.68
RNECUT;DREEN Cutia;NORDESTE;RN;Eólica;EOL.CV.RN.030701-7.01;-5.10;-35.90
RNEGUA;DREEN Guajiru;NORDESTE;RN;Eólica;EOL.CV.RN.030699-1.01;-5.09;-35.91
RNEENE;EOL Esperança do Nor;NORDESTE;RN;Eólica;EOL.CV.RN.032354-3.01;-5.08;-35.96
RNEJAN;GE Jangada;NORDESTE;RN;Eólica;EOL.CV.RN.030700-9.01;-5.06;-36.01
PIELB2;LAGOA DO BARRO 02;NORDESTE;PI;Eólica;EOL.CV.PI.033622-0.01;-8.65;-41.57
RNEMHE;EOL Maria Helena;NORDESTE;RN;Eólica;EOL.CV.RN.030702-5.01;-5.07;-36.01
BAELA1;LARANJEIRAS 1;NORDESTE;BA;Eólica;EOL.CV.BA.032349-7.01;-11.12;-42.68
BAELA2;LARANJEIRAS 2;NORDESTE;BA;Eólica;EOL.CV.BA.032350-0.01;-11.13;-42.70
BAELA5;LARANJEIRAS 5;NORDESTE;BA;Eólica;EOL.CV.BA.032351-9.01;-11.12;-42.67
RNEPVN;PV DO NORDESTE;NORDESTE;RN;Eólica;EOL.CV.RN.032355-1.01;-5.08;-35.94
RNEPOT;EOL Potiguar;NORDESTE;RN;Eólica;EOL.CV.RN.032356-0.01;-5.06;-35.90
PBCANO;EOL CANOAS;NORDESTE;PB;Eólica;EOL.CV.PB.033663-7.01;-6.88;-36.76
PBLAGA;LAGOA 1;NORDESTE;PB;Eólica;EOL.CV.PB.033664-5.01;-6.87;-36.81
PBLAGO;LAGOA 2;NORDESTE;PB;Eólica;EOL.CV.PB.033665-3.01;-6.84;-36.79
RNESB1;SÃO BENTO DO NORTE I;NORDESTE;RN;Eólica;EOL.CV.RN.033640-8.01;-5.13;-35.93
RNESB2;SÃO BENTO NORTE II;NORDESTE;RN;Eólica;EOL.CV.RN.033642-4.01;-5.15;-35.94
RNESB3;S BENTO DO NORTE III;NORDESTE;RN;Eólica;EOL.CV.RN.033643-2.01;-5.07;-36.03
RNESM1;SAO MIGUEL I;NORDESTE;RN;Eólica;EOL.CV.RN.033644-0.01;-5.15;-35.99
RNESM2;SAO MIGUEL II;NORDESTE;RN;Eólica;EOL.CV.RN.033645-9.01;-5.16;-36.00
RNESM3;SAO MIGUEL III;NORDESTE;RN;Eólica;EOL.CV.RN.033647-5.01;-5.16;-36.00
BAEURQ;UMBURANAS 17;NORDESTE;BA;Eólica;EOL.CV.BA.033634-3.01;-10.71;-41.61
BAEURS;UMBURANAS 19;NORDESTE;BA;Eólica;EOL.CV.BA.033635-1.01;-10.68;-41.61
BAEURU;UMBURANAS 21;NORDESTE;BA;Eólica;EOL.CV.BA.033636-0.01;-10.66;-41.60
BAEURW;UMBURANAS 23;NORDESTE;BA;Eólica;EOL.CV.BA.033637-8.01;-10.64;-41.61
BAEURY;UMBURANAS 25;NORDESTE;BA;Eólica;EOL.CV.BA.033639-4.01;-10.65;-41.58
BAELA3;ASSURUA 3 I ENERGIA;NORDESTE;BA;Eólica;EOL.CV.BA.033626-2.01;-11.03;-42.63
BAELA9;ASSURUA 3 II ENERGIA;NORDESTE;BA;Eólica;EOL.CV.BA.033627-0.01;-11.08;-42.62
RNUE12;UNIÃO DOS VENTOS 12;NORDESTE;RN;Eólica;EOL.CV.RN.031645-8.01;-5.09;-35.87
PEESV5;SERRA DAS VACAS V;NORDESTE;PE;Eólica;EOL.CV.PE.032360-8.01;-8.91;-36.76
PEESV6;SERRA DAS VACAS VII;NORDESTE;PE;Eólica;EOL.CV.PE.032361-6.01;-8.92;-36.78
CEEGRR;EOL GARROTE;NORDESTE;CE;Eólica;EOL.CV.CE.035197-0.01;-4.73;-37.32
CEESRM;EOL SAO RAIMUNDO;NORDESTE;CE;Eólica;EOL.CV.CE.035219-5.01;-4.77;-37.29
CEESI3;SANTO INACIO III;NORDESTE;CE;Eólica;EOL.CV.CE.035217-9.01;-4.76;-37.29
CEESI4;Santo Inácio IV;NORDESTE;CE;Eólica;EOL.CV.CE.031866-3.01;-4.74;-37.30
RNUE14;UNIÃO DOS VENTOS 14;NORDESTE;RN;Eólica;EOL.CV.RN.031643-1.01;-5.10;-35.85
RNUE13;UNIÃO DOS VENTOS 13;NORDESTE;RN;Eólica;EOL.CV.RN.031697-0.01;-5.09;-35.86
BAPEDD;PEDRA DO REINO IV;NORDESTE;BA;Eólica;EOL.CV.BA.034777-9.01;-9.50;-40.91
BAEB02;SERRA BABILONIA II;NORDESTE;BA;Eólica;EOL.CV.BA.032462-0.01;-11.10;-41.31
BAEB9;SERRA BABILONIA IX;NORDESTE;BA;Eólica;EOL.CV.BA.032465-5.01;-11.09;-41.32
BAEB06;SERRA BABILONIA VI;NORDESTE;BA;Eólica;EOL.CV.BA.032466-3.01;-11.05;-41.33
BAEB07;SERRA BABILONIA VII;NORDESTE;BA;Eólica;EOL.CV.BA.032467-1.01;-11.06;-41.32
BAEB08;SERRA BABILONIA VIII;NORDESTE;BA;Eólica;EOL.CV.BA.032468-0.01;-11.08;-41.30
BAEB10;SERRA BABILONIA X;NORDESTE;BA;Eólica;EOL.CV.BA.032469-8.01;-11.07;-41.32
BAEB11;SERRA BABILONIA XI;NORDESTE;BA;Eólica;EOL.CV.BA.032470-1.01;-11.08;-41.32
BAEB12;SERRA BABILONIA XII;NORDESTE;BA;Eólica;EOL.CV.BA.032471-0.01;-11.10;-41.32
BAEB01;VENTOS DA BAHIA I;NORDESTE;BA;Eólica;EOL.CV.BA.032526-0.01;-11.99;-41.53
BAEB03;VENTOS DA BAHIA III;NORDESTE;BA;Eólica;EOL.CV.BA.032527-9.01;-11.97;-41.52
BAEB09;VENTOS DA BAHIA IX;NORDESTE;BA;Eólica;EOL.CV.BA.032531-7.01;-11.99;-41.49
BAEB18;VENTOS D BAHIA XVIII;NORDESTE;BA;Eólica;EOL.CV.BA.034883-0.01;-12.02;-41.50
BAESBE;EOL VENTOS DE SANTA;NORDESTE;BA;Eólica;EOL.CV.BA.034738-8.01;-10.94;-41.23
BAESAC;EOL SANTA APARECIDA;NORDESTE;BA;Eólica;EOL.CV.BA.034736-1.01;-10.91;-41.22
BAESAU;VENTOS DE SANTA AURO;NORDESTE;BA;Eólica;EOL.CV.BA.034742-6.01;-10.98;-41.22
BAESEM;VENTOS DE SANTA EMIL;NORDESTE;BA;Eólica;EOL.CV.BA.034717-5.01;-11.01;-41.23
BAESGA;VENTOS DE SÃO GABRIE;NORDESTE;BA;Eólica;EOL.CV.BA.034739-6.01;-10.96;-41.23
BAEBVT;BOA VISTA DA LAGOINH;NORDESTE;BA;Eólica;EOL.CV.BA.032759-0.01;-11.76;-41.39
BAESTA;VENTOS DE SAO ABRAAO;NORDESTE;BA;Eólica;EOL.CV.BA.032884-7.01;-11.62;-41.35
RNEAV1;AVENTURA I;NORDESTE;RN;Eólica;EOL.CV.RN.031887-6.01;-5.37;-35.80
BAECLB;CAMPO LARGO II;NORDESTE;BA;Eólica;EOL.CV.BA.034633-0.01;-10.51;-41.45
BAECLR;CAMPO LARGO XVIII;NORDESTE;BA;Eólica;EOL.CV.BA.034643-8.01;-10.44;-41.50
BAECLA;CAMPO LARGO I;NORDESTE;BA;Eólica;EOL.CV.BA.034613-6.01;-10.47;-41.49
BAECLO;CAMPO LARGO XV;NORDESTE;BA;Eólica;EOL.CV.BA.034636-5.01;-10.51;-41.45
BAECLP;CAMPO LARGO XVI;NORDESTE;BA;Eólica;EOL.CV.BA.034637-3.01;-10.44;-41.47
PISA08;SANTA ANGELA 08;NORDESTE;PI;Eólica;EOL.CV.PI.033012-4.01;-8.56;-41.49
RNEPB2;VILA PARAIBA II;NORDESTE;RN;Eólica;EOL.CV.RN.036985-3.01;-5.11;-36.98
RNEPB1;VILA PARAIBA 1;NORDESTE;RN;Eólica;EOL.CV.RN.036981-0.01;-5.13;-36.98
RNEAV2;AVENTURA II;NORDESTE;RN;Eólica;EOL.CV.RN.033002-7.01;-5.32;-35.73
RNEAV3;AVENTURA III;NORDESTE;RN;Eólica;EOL.CV.RN.033026-4.01;-5.32;-35.75
RNEAV4;AVENTURA IV;NORDESTE;RN;Eólica;EOL.CV.RN.037949-2.01;-5.34;-35.77
RNEAV5;AVENTURA V;NORDESTE;RN;Eólica;EOL.CV.RN.037950-6.01;-5.34;-35.79
PBCN2 ;CANOAS 2;NORDESTE;91;Eólica;EOL.CV.PB.035181-4.01;-6.88;-36.79
PBCN4 ;CANOAS 4;NORDESTE;PB;Eólica;EOL.CV.PB.037953-0.01;-6.84;-36.73
PBCH1 ;CHAFARIZ 1;NORDESTE;PB;Eólica;EOL.CV.PB.034639-0.01;-6.97;-36.87
PBCH2 ;CHAFARIZ 2;NORDESTE;PB;Eólica;EOL.CV.PB.034640-3.01;-6.99;-36.89
PBCH3 ;CHAFARIZ 3;NORDESTE;PB;Eólica;EOL.CV.PB.034642-0.01;-7.00;-36.89
PBCH6 ;CHAFARIZ 6;NORDESTE;PB;Eólica;EOL.CV.PB.035184-9.01;-6.97;-36.85
PBCH7 ;CHAFARIZ 7;NORDESTE;PB;Eólica;EOL.CV.PB.037958-1.01;-6.92;-36.86
PBLG4 ;LAGOA 4;NORDESTE;PB;Eólica;EOL.CV.PB.038030-0.01;-6.88;-36.84
RNESR2;STA ROSA E MUNDO II;NORDESTE;RN;Eólica;EOL.CV.RN.035211-0.01;-5.88;-36.19
RNESR5;STA ROSA MUNDO 5;NORDESTE;RN;Eólica;EOL.CV.RN.037664-7.01;-5.90;-36.20
PIVSA1;V STA ANGELA 01;NORDESTE;PI;Eólica;EOL.CV.PI.033005-1.01;-8.51;-41.55
PISA02;V STA ANGELA 02;NORDESTE;PI;Eólica;EOL.CV.PI.033006-0.01;-8.54;-41.57
PISA03;V STA ANGELA 03;NORDESTE;PI;Eólica;EOL.CV.PI.033007-8.01;-8.57;-41.57
PISA04;V STA ANGELA 04;NORDESTE;PI;Eólica;EOL.CV.PI.033008-6.01;-8.60;-41.59
PISA05;V STA ANGELA 05;NORDESTE;PI;Eólica;EOL.CV.PI.033009-4.01;-8.46;-41.44
PISA06;V STA ANGELA 06;NORDESTE;PI;Eólica;EOL.CV.PI.033010-8.01;-8.48;-41.45
PISA07;V STA ANGELA 07;NORDESTE;PI;Eólica;EOL.CV.PI.033011-6.01;-8.53;-41.48
PISA09;V STA ANGELA 09;NORDESTE;PI;Eólica;EOL.CV.PI.033013-2.01;-8.59;-41.47
PISA10;V STA ANGELA 10;NORDESTE;PI;Eólica;EOL.CV.PI.033014-0.01;-8.63;-41.49
PISA11;V STA ANGELA 11;NORDESTE;PI;Eólica;EOL.CV.PI.033015-9.01;-8.66;-41.50
PISA14;V STA ANGELA 14;NORDESTE;PI;Eólica;EOL.CV.PI.033018-3.01;-8.70;-41.51
PISA15;V STA ANGELA 15;NORDESTE;PI;Eólica;EOL.CV.PI.033019-1.01;-8.72;-41.47
PISA17;V STA ANGELA 17;NORDESTE;PI;Eólica;EOL.CV.PI.033021-3.01;-8.71;-41.42
PISA19;V STA ANGELA 19;NORDESTE;PI;Eólica;EOL.CV.PI.033023-0.01;-8.74;-41.47
PISA20;V STA ANGELA 20;NORDESTE;PI;Eólica;EOL.CV.PI.033024-8.01;-8.78;-41.45
PISA21;V STA ANGELA 21;NORDESTE;PI;Eólica;EOL.CV.PI.033025-6.01;-8.80;-41.46
BAES17;V STA ESPERANCA 17;NORDESTE;BA;Eólica;EOL.CV.BA.034509-1.01;-11.50;-41.29
RNEVA2;Ventos Vila Acre II;NORDESTE;RN;Eólica;EOL.CV.RN.033753-6.01;-5.04;-37.02
RNECE1;VENTOS VILA CEARA I;NORDESTE;RN;Eólica;EOL.CV.RN.036974-8.01;-5.13;-37.04
RNECE2;VENTOS VILA CEARA II;NORDESTE;RN;Eólica;EOL.CV.RN.036976-4.01;-5.11;-37.04
BAEDF8;ZEUS II;NORDESTE;BA;Eólica;EOL.CV.BA.035266-7.01;-9.96;-40.88
BASJ01;SAO JANUARIO 01;NORDESTE;BA;Eólica;EOL.CV.BA.033508-8.01;-10.32;-40.43
BASJ04;SAO JANUARIO 04;NORDESTE;BA;Eólica;EOL.CV.BA.032641-0.01;-10.38;-40.45
BASJ13;SAO JANUARIO 13;NORDESTE;BA;Eólica;EOL.CV.BA.033532-0.01;-10.34;-40.44
BASJ14;SAO JANUARIO 14;NORDESTE;BA;Eólica;EOL.CV.BA.033533-9.01;-10.36;-40.44
BAEURI;EOL UMBURANAS 9;NORDESTE;BA;Eólica;EOL.CV.BA.031743-8.01;-10.72;-41.60
BAEURF;EOL UMBURANAS 6;NORDESTE;BA;Eólica;EOL.CV.BA.031796-9.01;-10.66;-41.54
BAEURA;EOL UMBURANAS 1;NORDESTE;BA;Eólica;EOL.CV.BA.031738-1.01;-10.68;-41.53
BAEURB;EOL UMBURANAS 2;NORDESTE;BA;Eólica;EOL.CV.BA.031740-3.01;-10.66;-41.51
BAEURJ;EOL UMBURANAS 10;NORDESTE;BA;Eólica;EOL.CV.BA.031742-0.01;-10.71;-41.59
BAEURC;EOL UMBURANAS 03;NORDESTE;BA;Eólica;EOL.CV.BA.031741-1.01;-10.66;-41.52
BAEURE;EOL UMBURANAS 5;NORDESTE;BA;Eólica;EOL.CV.BA.031737-3.01;-10.63;-41.50
BAEUR8;EOL UMBURANAS 8;NORDESTE;BA;Eólica;EOL.CV.BA.031832-9.01;-10.60;-41.50
BAEURK;EOL UMBURANAS 11;NORDESTE;BA;Eólica;EOL.CV.BA.031744-6.01;-10.71;-41.57
BAEURM;EOL UMBURANAS 13;NORDESTE;BA;Eólica;EOL.CV.BA.031752-7.01;-10.67;-41.57
BAEURR;EOL UMBURANAS 18;NORDESTE;BA;Eólica;EOL.CV.BA.031756-0.01;-10.60;-41.53
BAEURO;EOL UMBURANAS 15;NORDESTE;BA;Eólica;EOL.CV.BA.031754-3.01;-10.62;-41.53
BAEURP;EOL UMBURANAS 16;NORDESTE;BA;Eólica;EOL.CV.BA.031755-1.01;-10.59;-41.51
BAEJ22;Ventos de São Jan 22;NORDESTE;BA;Eólica;EOL.CV.BA.037104-1.01;-10.47;-40.52
BAEJ20;VENTOS JANUARIO 20;NORDESTE;BA;Eólica;EOL.CV.BA.037102-5.01;-10.44;-40.46
BAEJ21;VENTOS JANUARIO 21;NORDESTE;BA;Eólica;EOL.CV.BA.037103-3.01;-10.43;-40.51
PISA12;SANTA ANGELA 12;NORDESTE;PI;Eólica;EOL.CV.PI.033016-7.01;-8.76;-41.43
PISA13;SANTA ANGELA 13;NORDESTE;PI;Eólica;EOL.CV.PI.033017-5.01;-8.76;-41.40
PISA18;SANTA ANGELA 18;NORDESTE;PI;Eólica;EOL.CV.PI.033022-1.01;-8.73;-41.39
PISA16;Ventos Santa Ângela;NORDESTE;PI;Eólica;EOL.CV.PI.033020-5.01;-8.73;-41.55
RNERN1;VLRN1;NORDESTE;RN;Eólica;EOL.CV.RN.038141-1.01;-5.16;-37.02
RNEPI1;EOL Vila Piauí I;NORDESTE;RN;Eólica;EOL.CV.RN.036975-6.01;-5.10;-37.10
RNERN2;Vila Rio Grande N 2;NORDESTE;RN;Eólica;EOL.CV.RN.038140-3.01;-5.14;-37.04
RNEVS1;Vila Sergipe 1;NORDESTE;RN;Eólica;EOL.CV.RN.038142-0.01;-5.15;-37.06
RNEPI2;Vila Piauí 2;NORDESTE;RN;Eólica;EOL.CV.RN.036973-0.01;-5.10;-37.08
RNEPI3;Vila Piauí 3;NORDESTE;RN;Eólica;EOL.CV.RN.036979-9.01;-5.10;-37.06
RNEVS2;Vila Sergipe 2;NORDESTE;RN;Eólica;EOL.CV.RN.038143-8.01;-5.16;-37.06
RNEVS3;Vila Sergipe 3;NORDESTE;RN;Eólica;EOL.CV.RN.038144-6.01;-5.18;-37.08
RNEMA1;EOL Potiguar B141 SP;NORDESTE;RN;Eólica;EOL.CV.RN.038325-2.01;-5.07;-36.99
RNECEA;Vila Ceará I;NORDESTE;RN;Eólica;EOL.CV.RN.036980-2.01;-5.10;-37.01
RNEMA2;EOL Potiguar B142 SP;NORDESTE;RN;Eólica;EOL.CV.RN.038326-0.01;-5.05;-36.99
RNEMA3;Vila Maranhão III;NORDESTE;RN;Eólica;EOL.CV.RN.038327-9.01;-5.12;-37.00
RNETS2;EOL Terra Santa II;NORDESTE;RN;Eólica;EOL.CV.RN.032501-5.01;-5.22;-36.10
RNETS1;EOL Terra Santa I;NORDESTE;RN;Eólica;EOL.CV.RN.032495-7.01;-5.25;-36.05
BASJ03;EOL V de S Januário3;NORDESTE;BA;Eólica;EOL.CV.BA.033521-5.01;-10.31;-40.44
CEESR1;EOL SERROTE I;NORDESTE;CE;Eólica;EOL.CV.CE.040878-6.01;-4.53;-37.69
CEESR2;EOL SERROTE II;NORDESTE;CE;Eólica;EOL.CV.CE.040879-4.01;-3.28;-39.33
CEESR4;EOL SERROTE IV;NORDESTE;CE;Eólica;EOL.CV.CE.040881-6.01;-3.30;-39.39
CEESR8;EOL SERROTE VIII;NORDESTE;CE;Eólica;EOL.CV.CE.040885-9.01;-3.33;-39.32
BAEB0E;SERRA DA BABILONIA E;NORDESTE;BA;Eólica;EOL.CV.BA.040611-2.01;-11.14;-41.33
CEESR6;EOL SERROTE VI;NORDESTE;CE;Eólica;EOL.CV.CE.040883-2.01;-3.22;-39.37
CEESR3;EOL SERROTE III;NORDESTE;CE;Eólica;EOL.CV.CE.040880-8.01;-3.30;-39.35
CEESR7;EOL SERROTE VII;NORDESTE;CE;Eólica;EOL.CV.CE.040884-0.01;-3.31;-39.32
BASJ06;EOL Ventos de S Jan6;NORDESTE;BA;Eólica;EOL.CV.BA.033523-1.01;-10.41;-40.46
BASJ05;EOL Ventos de S Jan5;NORDESTE;BA;Eólica;EOL.CV.BA.032644-5.01;-10.28;-40.43
BASJ10;EOL Ventos S Jan 10;NORDESTE;BA;Eólica;EOL.CV.BA.033529-0.01;-5.15;-36.04
BASJ11;SAO JANUARIO 11;NORDESTE;BA;Eólica;EOL.CV.BA.033530-4.01;-10.44;-41.57
BAEB0A;SERRA DA BABILONIA A;NORDESTE;BA;Eólica;EOL.CV.BA.037083-5.01;-11.07;-41.29
BAEB0C;SERRA DA BABILONIA C;NORDESTE;BA;Eólica;EOL.CV.BA.040609-0.01;-3.31;-39.36
BAEB0F;SERRA DA BABILONIA F;NORDESTE;BA;Eólica;EOL.CV.BA.040612-0.01;-6.55;-35.01
RNEMT1;Ex Vila Alagoas III;NORDESTE;RN;Eólica;EOL.CV.RN.036984-5.01;-5.17;-37.10
CEESR5;EOL SERROTE V;NORDESTE;CE;Eólica;EOL.CV.CE.040882-4.01;-3.31;-39.36
RNECDU;COSTA DAS DUNAS;NORDESTE;RN;Eólica;EOL.CV.RN.037959-0.01;-5.23;-35.48
RNEFIB;FIGUEIRA BRANCA;NORDESTE;RN;Eólica;EOL.CV.RN.038002-4.01;-5.24;-35.46
RNEGAM;EOL GAMELEIRA;NORDESTE;RN;Eólica;EOL.CV.RN.038006-7.01;-5.24;-35.45
BAEB13;VENTOS DA BAHIA XIII;NORDESTE;BA;Eólica;EOL.CV.BA.032535-0.01;-12.14;-41.49
BAEB14;VENTOS DA BAHIA XIV;NORDESTE;BA;Eólica;EOL.CV.BA.032536-8.01;-12.05;-41.43
RNEM01;VENTOS DE SANTA MART;NORDESTE;RN;Eólica;EOL.CV.RN.038310-4.01;-5.73;-35.90
RNEM09;VENTOS STA MARTINA09;NORDESTE;RN;Eólica;EOL.CV.RN.038318-0.01;-5.82;-35.92
RNEM10;VENTOS STA MARTINA10;NORDESTE;RN;Eólica;EOL.CV.RN.038319-8.01;-5.85;-35.94
RNEM11;VENTOS STA MARTINA11;NORDESTE;RN;Eólica;EOL.CV.RN.038320-1.01;-5.78;-35.91
RNEM12;VENTOS STA MARTINA12;NORDESTE;RN;Eólica;EOL.CV.RN.038321-0.01;-5.76;-35.89
RNEM13;SANTA MARTINA 13;NORDESTE;RN;Eólica;EOL.CV.RN.038322-8.01;-5.71;-35.89
RNEFTO;FAROL DE TOUROS;NORDESTE;RN;Eólica;EOL.CV.RN.037999-9.01;-5.25;-35.50
RNESF2;SAO FERNANDO 2;NORDESTE;RN;Eólica;EOL.CV.RN.037075-4.01;-5.18;-36.02
RNEM14;SANTA MARTA 14;NORDESTE;RN;Eólica;EOL.CV.RN.038323-6.01;-5.71;-35.88
RNEJ23;SAO JANUARIO 23;NORDESTE;BA;Eólica;EOL.CV.RN.040625-2.01;-5.89;-35.96
BAEIM2;Eólica Inhambú 2;NORDESTE;BA;Eólica;EOL.CV.BA.032487-6.01;-14.45;-42.65
BAETE3;Eólica Teiú 3;NORDESTE;BA;Eólica;EOL.CV.BA.037093-2.01;-14.40;-42.64
BAECO2;Eólica Corrupião 2;NORDESTE;BA;Eólica;EOL.CV.BA.037019-3.01;-14.41;-42.64
BAEARZ;Eólica Ararinha Azul;NORDESTE;BA;Eólica;EOL.CV.BA.037001-0.01;-14.41;-42.64
PIEQN1;AURA QUEIMADA NOVA 1;NORDESTE;PI;Eólica;EOL.CV.PI.032863-4.01;-8.68;-41.58
PIEQN2;AURA QUEIMADA NOVA 2;NORDESTE;PI;Eólica;EOL.CV.PI.040567-1.01;-8.62;-41.59
BAEUMC;UMBURANA DE CHEIRO;NORDESTE;BA;Eólica;EOL.CV.BA.035233-0.01;-9.83;-41.04
RNESF1;São Fernando 1;NORDESTE;RN;Eólica;EOL.CV.RN.037073-8.01;-5.17;-36.01
BAESEV;SERRA DO VENTO;NORDESTE;BA;Eólica;EOL.CV.BA.035229-2.01;-9.81;-41.03
BAESEF;SERRA DO FOGO;NORDESTE;BA;Eólica;EOL.CV.BA.035222-5.01;-9.80;-41.02
BAECNA;EOL Casa Nova A;NORDESTE;BA;Eólica;EOL.CV.BA.037209-9.01;-9.26;-41.01
BAEC09;EOL Campo Largo IX;NORDESTE;BA;Eólica;EOL.CV.BA.034631-4.01;-10.46;-41.39
BAEC14;EOL Campo Largo XIV;NORDESTE;BA;Eólica;EOL.CV.BA.034634-9.01;-10.44;-41.50
RNEP31;EOL Potiguar B31;NORDESTE;RN;Eólica;EOL.CV.RN.040600-7.01;-5.26;-37.11
BAEC10;EOL Campo Largo X;NORDESTE;BA;Eólica;EOL.CV.BA.034630-6.01;-10.50;-41.48
RNEP32;EOL POTIGUAR B32;NORDESTE;RN;Eólica;EOL.CV.RN.040601-5.01;-5.18;-36.98
RNEP33;EOL Potiguar B33 SPE;NORDESTE;RN;Eólica;EOL.CV.RN.040602-3.01;-5.26;-37.15
BAEC11;EOL Campo Largo XI;NORDESTE;BA;Eólica;EOL.CV.BA.034625-0.01;-10.40;-41.44
BAEC17;EOL Campo Largo XVII;NORDESTE;BA;Eólica;EOL.CV.BA.034638-1.01;-10.46;-41.51
BAEC19;EOL Campo Largo XIX;NORDESTE;BA;Eólica;EOL.CV.BA.034645-4.01;-10.44;-41.57
BAEC20;EOL Campo Largo XX;NORDESTE;BA;Eólica;EOL.CV.BA.034647-0.01;-10.48;-41.57
RNESF3;EOL São Fernando 3;NORDESTE;RN;Eólica;EOL.CV.RN.037076-2.01;-5.15;-36.04
RNESF4;São Fernando 4;NORDESTE;RN;Eólica;EOL.CV.RN.037077-0.01;-5.12;-36.01
BAEC08;EOL Campo Largo VIII;NORDESTE;BA;Eólica;EOL.CV.BA.034614-4.01;-10.46;-41.39
BAEB0D;SERRA DA BABILÔNIA D;NORDESTE;BA;Eólica;EOL.CV.BA.040610-4.01;-11.14;-41.33
BAEB0B;SERRA DA BABILÔNIA B;NORDESTE;BA;Eólica;EOL.CV.BA.040608-2.01;-11.12;-41.32
RNEEP1;EOL Vl Espírito St I;NORDESTE;RN;Eólica;EOL.CV.RN.040594-9.01;-5.18;-37.11
RNEEP5;Vl Espírit St 947208;NORDESTE;RN;Eólica;EOL.CV.RN.040598-1.01;-5.23;-37.13
BAEC22;EOL Campo Largo XXII;NORDESTE;BA;Eólica;EOL.CV.BA.034648-9.01;-10.50;-41.61
PBCN3 ;EOL Canoas 3;NORDESTE;PB;Eólica;EOL.CV.PB.037952-2.01;-6.87;-36.75
BAEC13;EOL Campo Largo XIII;NORDESTE;BA;Eólica;EOL.CV.BA.034622-5.01;-10.40;-41.49
PBVA1 ;EOL Ventos de Arapuá;NORDESTE;PB;Eólica;EOL.CV.PB.035240-3.01;-7.04;-36.95
PBVA2 ;EOL Ventos Arapuá 2;NORDESTE;PB;Eólica;EOL.CV.PB.035241-1.01;-7.02;-36.96
PBVA3 ;EOL Vento de Arapuá3;NORDESTE;PB;Eólica;EOL.CV.PB.035242-0.01;-7.05;-36.96
PBCH5 ;EOL Chafariz 5;NORDESTE;PB;Eólica;EOL.CV.PB.034646-2.01;-7.00;-36.91
PBCH4 ;EOL Chafariz 4;NORDESTE;PB;Eólica;EOL.CV.PB.034644-6.01;-7.03;-36.93
RNTEB1;Toda Energia do Bras;NORDESTE;RN;Eólica;EOL.CV.RN.046742-1.01;-5.09;-37.10
RNECM1;EGP CUMARU 01;NORDESTE;RN;Eólica;EOL.CV.RN.032207-5.01;-5.15;-35.76
RNECM5;Cumaru 05;NORDESTE;RN;Eólica;EOL.CV.RN.037021-5.01;-5.14;-35.79
BAEC12;EOL Campo Largo XII;NORDESTE;BA;Eólica;EOL.CV.BA.034623-3.01;-10.40;-41.44
RNECM3;EGP Cumaru 3;NORDESTE;RN;Eólica;EOL.CV.RN.032209-1.01;-5.13;-35.80
RNECM2;EGP CUMARU 02;NORDESTE;RN;Eólica;EOL.CV.RN.032208-3.01;-5.18;-35.78
RNECM4;Enel G Power Cum 04;NORDESTE;RN;Eólica;EOL.CV.RN.037020-7.01;-5.16;-35.78
BAES26;Ventos Santa E 26;NORDESTE;BA;Eólica;EOL.CV.BA.034514-8.01;-11.53;-41.32
BAES21;Ventos de Sta Espe21;NORDESTE;BA;Eólica;EOL.CV.BA.034511-3.01;-11.55;-41.28
BAES22;Ventos de Sta Espe22;NORDESTE;BA;Eólica;EOL.CV.BA.034512-1.01;-11.52;-41.27
BAES25;Ventos de Sta Espe25;NORDESTE;BA;Eólica;EOL.CV.BA.034513-0.01;-11.59;-41.33
CEESM1;EOL Serra do Mato I;NORDESTE;CE;Eólica;EOL.CV.CE.032375-6.01;-3.27;-39.39
CEESM2;EOL Serra do MatoII;NORDESTE;CE;Eólica;EOL.CV.CE.032376-4.01;-3.27;-39.35
CEESM4;EOL Serra do Mato IV;NORDESTE;CE;Eólica;EOL.CV.CE.032378-0.01;-3.22;-39.39
CEESM3;EOL Serra do MatoIII;NORDESTE;CE;Eólica;EOL.CV.CE.032377-2.01;-3.26;-39.34
CEESM5;EOL Serra do Mato V;NORDESTE;CE;Eólica;EOL.CV.CE.032453-1.01;-3.23;-39.40
CEESM6;EOL Serra do Mato VI;NORDESTE;CE;Eólica;EOL.CV.CE.032379-9.01;-3.24;-39.40
PEETA2;EGP Fonte d Ventos 3;NORDESTE;PE;Eólica;EOL.CV.PE.044554-1.01;-9.01;-38.07
PEEPF2;EGP Fontes Ventos 2;NORDESTE;PE;Eólica;EOL.CV.PE.044553-3.01;-9.03;-38.09
RSCH02;CHUI II;SUL;RS;Eólica;EOL.CV.RS.030790-4.01;-33.66;-53.40
RSEIN2;INDIOS 2;SUL;RS;Eólica;EOL.CV.RS.030734-3.01;-30.00;-50.33
RSCSE4;CORREDOR SENANDES IV;SUL;RS;Eólica;EOL.CV.RS.030840-4.01;-32.37;-52.34
RSCSE3;CORREDOR SENANDES 3;SUL;RS;Eólica;EOL.CV.RS.030819-6.01;-32.41;-52.36
RSCSE2;CORREDOR SENANDES 2;SUL;RS;Eólica;EOL.CV.RS.030842-0.01;-32.39;-52.33
RSVAR1;VENTO ARAGANO I;SUL;RS;Eólica;EOL.CV.RS.030833-1.01;-32.42;-52.37
RSUEXG;XANGRI-LA;SUL;RS;Eólica;EOL.CV.RS.031302-5.01;-29.78;-50.07
SCTUBA;TUBARÃO P&D;SUL;SC;Eólica;EOL.CV.SC.032016-1.01;-28.48;-49.03
RSCH09;CHUI IX;SUL;RS;Eólica;EOL.CV.RS.031517-6.01;-33.69;-53.38
RSVC24;VERACE 24;SUL;RS;Eólica;EOL.CV.RS.031561-3.01;-33.64;-53.31
RSVC25;VERACE 25;SUL;RS;Eólica;EOL.CV.RS.031541-9.01;-33.64;-53.33
RSVC26;VERACE 26;SUL;RS;Eólica;EOL.CV.RS.031559-1.01;-33.65;-53.30
RSVC27;VERACE 27;SUL;RS;Eólica;EOL.CV.RS.031600-8.01;-33.65;-53.32
RSVC28;VERACE 28;SUL;RS;Eólica;EOL.CV.RS.031578-8.01;-33.63;-53.35
RSVC29;VERACE 29;SUL;RS;Eólica;EOL.CV.RS.031557-5.01;-33.62;-53.36
RSVC30;VERACE 30;SUL;RS;Eólica;EOL.CV.RS.031602-4.01;-33.61;-53.34
RSVC31;VERACE 31;SUL;RS;Eólica;EOL.CV.RS.031558-3.01;-33.61;-53.33
RSVC34;VERACE 34;SUL;RS;Eólica;EOL.CV.RS.031601-6.01;-33.56;-53.35
RSVC36;VERACE 36;SUL;RS;Eólica;EOL.CV.RS.031610-5.01;-33.60;-53.37
RSVC35;VERACE 35;SUL;RS;Eólica;EOL.CV.RS.031539-7.01;-33.59;-53.36
RSEGAL;GALPOES;SUL;RS;Eólica;EOL.CV.RS.031477-3.01;-30.88;-55.68
RSECSE;COXILHA SECA;SUL;RS;Eólica;EOL.CV.RS.031487-0.01;-30.89;-55.74
RSECIN;CAPAO DO INGLES;SUL;RS;Eólica;EOL.CV.RS.031510-9.01;-30.92;-55.71
RSEP2A;PONTAL 2A;SUL;RS;Eólica;EOL.CV.RS.031509-5.01;-30.27;-50.78
RSAG07;AURA MANGUEIRA VII;SUL;RS;Eólica;EOL.CV.RS.031805-1.01;-33.18;-52.93
RSAR02;AURA MIRIM II;SUL;RS;Eólica;EOL.CV.RS.031806-0.01;-33.14;-52.91
RSAG11;AURA MANGUEIRA XI;SUL;RS;Eólica;EOL.CV.RS.031719-5.01;-33.18;-52.92
RSAG15;AURA MANGUEIRA XV;SUL;RS;Eólica;EOL.CV.RS.031647-4.01;-33.16;-52.89
RSAR04;EOL AURA MIRIM IV;SUL;RS;Eólica;EOL.CV.RS.031663-6.01;-33.21;-52.93
RSAG13;EOL AURA MANG 13;SUL;RS;Eólica;EOL.CV.RS.031646-6.01;-33.12;-52.90
RSAR08;AURA MIRIM VIII;SUL;RS;Eólica;EOL.CV.RS.031699-7.01;-33.09;-52.90
RSAG12;EOL AURA MANGUEIRA12;SUL;RS;Eólica;EOL.CV.RS.031653-9.01;-33.10;-52.88
RSAR06;EOL AURA MIRIM VI;SUL;RS;Eólica;EOL.CV.RS.031701-2.01;-33.10;-52.86
RSAG17;EOL AURA MANG 17;SUL;RS;Eólica;EOL.CV.RS.031705-5.01;-33.10;-52.84
RSAG06;AURA MANGUEIRA 6;SUL;RS;Eólica;EOL.CV.RS.031696-2.01;-33.05;-52.86
RSAG04;AURA MANGUEIRA 4;SUL;RS;Eólica;EOL.CV.RS.031700-4.01;-33.07;-52.86
